date,time_class,opening,move_no,side,phase,sharp,loss,played,best,fen,game
2026-09-27,rapid,Kings Pawn Opening,58,white,endgame,False,25.6,Rg3,d6,4k3/6r1/4P3/3P4/3K2p1/2R5/8/8 w - - 0 58,https://www.chess.com/game/live/184470438900
2026-09-27,rapid,Kings Pawn Opening,59,white,endgame,False,23.0,Ke5,Rb3,8/4k1r1/4P3/3P4/3K2p1/6R1/8/8 w - - 2 59,https://www.chess.com/game/live/184470438900
2026-09-27,rapid,Kings Pawn Opening,63,white,endgame,True,35.3,Rd1,Rf7+,8/4k3/4P3/3P2r1/4K3/6p1/8/5R2 w - - 2 63,https://www.chess.com/game/live/184470438900
2026-09-27,rapid,Kings Pawn Opening,85,white,middlegame,True,23.8,Qd6+,Qb7+,1K6/8/rk6/3Q4/8/8/8/8 w - - 21 85,https://www.chess.com/game/live/184470438900
2026-09-27,rapid,Kings Gambit Accepted Becker Defense,18,black,middlegame,False,51.0,b5,Nh5,rn2k3/pp3p2/2pp3b/6q1/2BPPpb1/2NK2n1/PPPB1R1Q/8 b q - 11 18,https://www.chess.com/game/live/184460289258
2026-09-27,rapid,Kings Gambit Accepted Becker Defense,19,black,middlegame,True,32.1,Qh5,bxc4+,rn2k3/p4p2/2pp3b/1p4q1/2BPPBb1/2NK2n1/PPP2R1Q/8 b q - 0 19,https://www.chess.com/game/live/184460289258
2026-09-27,rapid,Kings Gambit Accepted Becker Defense,40,black,endgame,False,25.0,Bc2,Bb1,8/B7/4k3/1pKp4/4b3/2P5/PP6/8 b - - 4 40,https://www.chess.com/game/live/184460289258
2026-09-27,rapid,Kings Gambit Accepted Becker Defense,42,black,endgame,False,35.3,d4,Bd3,8/B7/3k4/1K1p4/2P5/8/PPb5/8 b - - 0 42,https://www.chess.com/game/live/184460289258
2026-09-27,rapid,Kings Pawn Opening,12,white,opening,True,25.0,a4,Qd1,r3kb1r/ppp1qp1p/4bnp1/1P2p3/3nP3/2pP1Q1P/P1B2PP1/RNB1K1NR w KQkq - 1 12,https://www.chess.com/game/live/184459915910
2026-09-27,rapid,Queens Pawn Opening Horwitz Defense,16,black,middlegame,True,42.5,Qf6,exd3,r1b2rk1/1p2npp1/p1np2qp/8/4p2N/2PQP2P/PP2BPPB/R4R1K b - - 1 16,https://www.chess.com/game/live/184458793492
2026-09-27,rapid,Queens Pawn Opening Horwitz Defense,22,black,middlegame,True,31.5,exf3,g5,2r2rk1/1p2npp1/p1n4p/8/4p2N/2P1PP1P/PP4PB/R4R1K b - - 0 22,https://www.chess.com/game/live/184458793492
2026-09-27,rapid,Queens Pawn Opening Horwitz Defense,41,black,endgame,False,32.7,e2,Rd1+,1R6/8/6kp/6p1/1p1r4/1P2p2P/6P1/6K1 b - - 1 41,https://www.chess.com/game/live/184458793492
2026-09-27,rapid,Queens Pawn Opening Horwitz Defense,45,black,endgame,False,49.3,Kh5,Kg7,8/8/4R1kp/6p1/1p6/1r5P/5KP1/8 b - - 1 45,https://www.chess.com/game/live/184458793492
2026-09-27,rapid,Queens Pawn Opening Horwitz Defense,49,black,endgame,False,74.5,Rxh3,Rg3+,8/8/4R2p/6p1/1p4Pk/1r5P/6K1/8 b - - 6 49,https://www.chess.com/game/live/184458793492
2026-09-27,rapid,Scandinavian Defense,32,white,middlegame,False,28.1,Rg3,Bf6+,8/4k1B1/2r1p2p/2p3p1/2Pn4/1P3R1P/5PP1/6K1 w - - 13 32,https://www.chess.com/game/live/184433579532
2026-09-27,rapid,Scandinavian Defense,41,white,endgame,False,32.6,g4,Ra5,8/8/2r1p3/7R/3k4/5P1P/6P1/6K1 w - - 0 41,https://www.chess.com/game/live/184433579532
2026-09-27,rapid,Scandinavian Defense,58,white,endgame,False,46.4,Kf7,Ke5,8/4R1P1/5Krk/8/5P2/8/8/8 w - - 3 58,https://www.chess.com/game/live/184433579532
2026-09-27,rapid,Scandinavian Defense,63,white,endgame,True,47.2,f6,Kf6,5k2/8/4K3/5P2/8/8/8/8 w - - 1 63,https://www.chess.com/game/live/184433579532
2026-09-27,rapid,Kings Pawn Opening Leonardis Variation,26,black,middlegame,False,34.3,Kc7,Rh3,2kr2n1/p7/2pp1p2/2n1p3/4P3/3P1r2/P1PB4/1NK3R1 b - - 1 26,https://www.chess.com/game/live/184433158306
2026-09-27,rapid,Kings Pawn Opening Leonardis Variation,27,black,middlegame,False,29.0,Ne6,Kd7,3r2n1/p1k5/2pp1p2/2n1p3/1B2P3/3P1r2/P1P5/1NK3R1 b - - 3 27,https://www.chess.com/game/live/184433158306
2026-09-27,rapid,Bishops Opening,10,black,opening,False,32.9,Be7,c6,r1b2b1r/2pp1kpp/p4n2/1p2P3/3p3q/5Q2/PPP2PPP/RNB1R1K1 b - - 0 10,https://www.chess.com/game/live/184432778024
2026-09-26,rapid,Kings Pawn Opening Kings Knight Variation,20,black,middlegame,False,24.7,Nxe4,Nh5,rn2k2r/1pp2pp1/p2p1nqp/3Pp3/4P1bB/PBN3Q1/1PP2PP1/R4RK1 b kq - 3 20,https://www.chess.com/game/live/184427173614
2026-09-26,rapid,Kings Pawn Opening Kings Knight Variation,23,black,middlegame,False,22.2,Bd7,g5,rn2k2r/1pp2pp1/p2p3p/3Pp3/3q2bB/PB3PQ1/1PP3P1/R4R1K b kq - 2 23,https://www.chess.com/game/live/184427173614
2026-09-26,rapid,Kings Pawn Opening Kings Knight Variation,24,black,middlegame,True,70.5,Rf8,Qxh4+,rn2k2r/1ppb1pQ1/p2p3p/3Pp3/3q3B/PB3P2/1PP3P1/R4R1K b kq - 0 24,https://www.chess.com/game/live/184427173614
2026-09-26,rapid,French Defense Steinitz Attack,20,white,middlegame,False,28.7,Bxa5,d5,5r1r/p1ppkp1p/1pn1p1p1/n3P3/2PP4/P1B5/3N1PPP/1R3RK1 w - - 0 20,https://www.chess.com/game/live/184384816416
2026-09-25,rapid,Kings Pawn Opening,22,white,middlegame,False,32.2,Qf3,Nc5,1k1rr3/pppbq3/2n2pp1/4p2p/B3N2P/2PPQ1P1/PP3P2/R3K2R w KQ - 4 22,https://www.chess.com/game/live/184361592032
2026-09-25,rapid,Kings Pawn Opening Kings Knight Variation,44,black,middlegame,False,34.4,Re1+,Ne4,1Qn1r1k1/3q1pp1/5n1p/8/1B6/6P1/PPP2P1P/6K1 b - - 23 44,https://www.chess.com/game/live/184355938548
2026-09-24,rapid,Kings Pawn Opening,8,white,opening,False,22.0,Bb3,d3,r1bqkb1r/ppp2p1p/5np1/3Pn3/2B1p3/2P1Q3/PP1P1PPP/RNB1K1NR w KQkq - 2 8,https://www.chess.com/game/live/184281813356
2026-09-24,rapid,Kings Pawn Opening,10,white,opening,True,39.5,Qg3,d4,r1bqk2r/p1p2p1p/1p3np1/2bPn3/4p3/2P1Q3/PPBP1PPP/RNB1K1NR w KQkq - 2 10,https://www.chess.com/game/live/184281813356
2026-09-24,rapid,Kings Pawn Opening,17,white,middlegame,False,26.7,Ke2,gxf3,r3k2r/p3qp1p/1pp3p1/2bn1b2/Q3p3/2P2nNP/PPBP1PP1/RNB1K2R w KQkq - 6 17,https://www.chess.com/game/live/184281813356
2026-09-23,rapid,Queens Pawn Opening Horwitz Defense,6,black,opening,False,28.4,a6,g5,r1b1kbnr/ppp2pp1/2nppq1p/8/3P1B2/2P1PNP1/PP3P1P/RN1QKB1R b KQkq - 0 6,https://www.chess.com/game/live/184280828050
2026-09-23,rapid,Queens Pawn Opening Horwitz Defense,7,black,opening,False,26.0,Nge7,g5,r1b1kbnr/1pp2pp1/p1nppq1p/8/3P1B2/2PBPNP1/PP3P1P/RN1QK2R b KQkq - 1 7,https://www.chess.com/game/live/184280828050
2026-09-23,rapid,Queens Pawn Opening Horwitz Defense,19,black,middlegame,False,29.3,g5,Bxh4,r3brk1/1pp1b1p1/p1npp2p/8/3P1q1P/2PB1N2/PPQN1P2/2KR2R1 b - - 1 19,https://www.chess.com/game/live/184280828050
2026-09-23,rapid,Kings Pawn Opening Kings Knight Variation,27,black,middlegame,False,25.6,Ng8,Nbxc6,rnb2r1k/2p1n1q1/p1Pp3p/Qp1Pp3/4PpP1/5RP1/PP1BB2N/R5K1 b - - 5 27,https://www.chess.com/game/live/184279608340
2026-09-23,rapid,Kings Pawn Opening,21,white,middlegame,True,38.3,Ng3,Rxg7+,r4rk1/1p1q1ppp/p1pbb3/4p3/P3B3/2P1Q2P/1P2NP1K/RN4R1 w - - 5 21,https://www.chess.com/game/live/184235980910
2026-09-23,rapid,Kings Pawn Opening,23,white,middlegame,True,35.0,Ne2,Nh5,r4rk1/1p1q1ppp/p1pbb3/4p3/P3B3/2P1Q1NP/1P1N1P1K/R5R1 w - - 9 23,https://www.chess.com/game/live/184235980910
2026-09-23,rapid,Kings Pawn Opening,27,white,middlegame,False,24.1,a5,Nh5,r4rk1/1pb2ppp/p1p1q3/4p3/P3N3/2P1Q1NP/1P3P1K/R5R1 w - - 4 27,https://www.chess.com/game/live/184235980910
2026-09-23,rapid,Kings Pawn Opening,28,white,middlegame,False,27.5,Qe2,Nf5,r4rk1/1pb2ppp/p1p5/P3p3/4N3/1qP1Q1NP/1P3P1K/R5R1 w - - 1 28,https://www.chess.com/game/live/184235980910
2026-09-23,rapid,Kings Pawn Opening,33,white,middlegame,False,30.4,Nh4,Rg1,r4rk1/1pb2pp1/p1p4p/P3pq2/4N3/2P2N1P/1P2QP1K/R2R4 w - - 2 33,https://www.chess.com/game/live/184235980910
2026-09-23,rapid,Kings Pawn Opening,39,white,middlegame,True,24.6,Qxf3,Kh2,2r2rk1/1pbR2p1/p1p4p/P3p3/1P2Q2q/2P2pNP/5PK1/R7 w - - 0 39,https://www.chess.com/game/live/184235980910
2026-09-23,rapid,Kings Pawn Opening Kings Knight Variation,34,black,middlegame,False,23.5,b4,a4+,r4rk1/5p2/3p2p1/pppP2Pp/2n1PR2/PK6/2P5/7R b - - 1 34,https://www.chess.com/game/live/184233567334
2026-09-23,rapid,Kings Pawn Opening Kings Knight Variation,39,black,middlegame,False,27.1,Rd8,Re8,r5k1/5p2/3p1Rp1/2pP2Pp/pr2P3/R2K4/2P5/8 b - - 4 39,https://www.chess.com/game/live/184233567334
2026-09-23,rapid,Kings Pawn Opening Kings Knight Variation,44,black,middlegame,False,23.1,Rc8,Kg7,5rk1/R4p2/3R2p1/2pP2rp/2K1P3/2P5/8/8 b - - 1 44,https://www.chess.com/game/live/184233567334
2026-09-23,rapid,Kings Pawn Opening Kings Knight Variation,54,black,middlegame,False,57.1,Rf3,Rg2,2r5/5p2/6k1/3P1R2/2PKP1p1/6rp/7R/8 b - - 3 54,https://www.chess.com/game/live/184233567334
2026-09-23,rapid,Kings Pawn Opening Kings Knight Variation,68,black,endgame,True,32.0,Rf2,Ke8,8/3k1pK1/3P4/4P3/8/5r2/8/3R4 b - - 4 68,https://www.chess.com/game/live/184233567334
2026-09-23,rapid,Kings Pawn Opening Kings Knight Variation,69,black,endgame,True,34.0,Rf4,Ke8,8/3k1pK1/3P4/4P3/8/3R4/5r2/8 b - - 6 69,https://www.chess.com/game/live/184233567334
2026-09-23,rapid,Kings Pawn Opening Kings Knight Variation,70,black,endgame,True,33.8,Rf3,Ke8,8/3k1pK1/3P4/4P3/5r2/8/3R4/8 b - - 8 70,https://www.chess.com/game/live/184233567334
2026-09-23,rapid,Kings Pawn Opening Kings Knight Variation,71,black,endgame,False,36.3,Rf4,Rf5,8/3k1pK1/3P4/4P3/8/5r2/4R3/8 b - - 10 71,https://www.chess.com/game/live/184233567334
2026-09-23,rapid,Queens Pawn Opening Horwitz Defense,28,black,middlegame,False,25.2,Qg6,Rfd8,1r3rk1/5pp1/2b1pq1p/4p3/pp2P3/3B1PQ1/1P4RP/5R1K b - - 1 28,https://www.chess.com/game/live/184233173950
2026-09-23,rapid,Queens Pawn Opening Horwitz Defense,29,black,middlegame,True,59.2,Qf6,Qh7,1r3rk1/5pp1/2b1p1qp/4Q3/pp2P3/3B1P2/1P4RP/5R1K b - - 0 29,https://www.chess.com/game/live/184233173950
2026-09-23,rapid,Kings Gambit Accepted Fischer Defense,18,black,middlegame,False,40.2,Bxc3,Kf8,3rk1nr/2p1qp2/Q6p/4b1p1/P4p2/NPP5/6PP/R1B2RK1 b k - 0 18,https://www.chess.com/game/live/184232897572
2026-09-23,rapid,Kings Gambit Accepted Fischer Defense,22,black,middlegame,False,25.4,Qd7,c6,3rk1nr/2p1q3/5p1p/1Q2b1p1/P1N2p2/1P6/6PP/4RRK1 b k - 1 22,https://www.chess.com/game/live/184232897572
2026-09-23,rapid,Kings Gambit Accepted Fischer Defense,30,black,middlegame,False,25.9,Rd6,Kg8,3r1k2/2p1n1q1/7p/4N1p1/PQ3p2/1P6/6PP/4R2K b - - 10 30,https://www.chess.com/game/live/184232897572
2026-09-21,rapid,Kings Pawn Opening,14,white,middlegame,True,24.3,b5,Bg7,r3k2r/1pp1bp1p/p2qbnpB/4p3/1P2P3/2P2Q1P/1P2NPP1/RN2K2R w KQkq - 2 14,https://www.chess.com/game/live/184134823158
2026-09-21,rapid,Kings Pawn Opening,16,white,middlegame,True,22.1,Rxa5,Bg7,3rk2r/1pp1bp1p/3qbnpB/pP2p3/4P3/2P2Q1P/1P2NPP1/RN3RK1 w k - 2 16,https://www.chess.com/game/live/184134823158
2026-09-21,rapid,Kings Pawn Opening,19,white,middlegame,False,34.8,Bg5,Bg7,R2bk2r/1pp2p1p/4bnpB/1P2p3/4P3/2Pr3P/1P2NPP1/1N3RK1 w k - 2 19,https://www.chess.com/game/live/184134823158
2026-09-21,rapid,Kings Pawn Opening,21,white,middlegame,False,45.8,Bh4,Be3,R2b3r/1pp1kp2/4bnpp/1P2p1B1/4P3/2Pr3P/1P1NNPP1/5RK1 w - - 0 21,https://www.chess.com/game/live/184134823158
2026-09-20,rapid,Queens Pawn Opening Horwitz Defense,26,black,middlegame,True,23.1,d5,Bg5,2r2rk1/4bpp1/2Pp3p/1p2p3/1P2P3/2N3P1/6P1/2R2RK1 b - - 1 26,https://www.chess.com/game/live/184086845326
2026-09-20,rapid,Queens Pawn Opening Horwitz Defense,36,black,middlegame,True,40.4,g5,Rfxd7,3r2k1/3P1rp1/4Np1p/4p3/8/6P1/2R3P1/3R3K b - - 4 36,https://www.chess.com/game/live/184086845326
2026-09-19,rapid,Kings Pawn Opening,8,white,opening,False,45.9,Qg4,Qf3,r1bqk2r/ppp1bppp/2n5/3pP2n/5Q2/2P4P/PP1P1PP1/RNB1KBNR w KQkq - 1 8,https://www.chess.com/game/live/184079367608
2026-09-17,rapid,Grob Opening Grob Gambit with,11,black,opening,False,52.4,c5,Ng6,rn2kb1r/p3npp1/1pp2q1p/4p3/4P1b1/2PQB2N/PP2NPBP/2KR3R b kq - 1 11,https://www.chess.com/game/live/180025432232
2026-09-17,rapid,Kings Fianchetto Opening,29,black,middlegame,False,41.1,Ra8,Qd6,5nk1/r3q2p/1p2p1pQ/p1pP4/P7/1P4P1/6BP/5RK1 b - - 0 29,https://www.chess.com/game/live/180025119612
2026-09-17,rapid,Kings Fianchetto Opening,31,black,middlegame,False,45.2,Rxd5,Qd6,3r1nk1/4q2p/1p2p1p1/p1pP4/P7/1P4P1/3Q2BP/4R1K1 b - - 4 31,https://www.chess.com/game/live/180025119612
2026-09-16,rapid,Kings Pawn Opening,26,white,middlegame,False,27.0,Nb3,Ba4,2b1r1k1/p1p1r1b1/2n3pp/2N1p3/5p2/2PP1P2/PPB2P2/2BRR1K1 w - - 2 26,https://www.chess.com/game/live/174540712872
2026-09-16,rapid,Kings Pawn Opening,32,white,middlegame,False,27.2,Nf5,Kg2,2b1r1k1/p5b1/7p/2p1n1p1/3N1p2/2P2P2/PP3P2/2BRR1K1 w - - 0 32,https://www.chess.com/game/live/174540712872
2026-09-15,rapid,Scandinavian Defense,6,white,opening,True,48.3,Bb5+,Nxe5,r2qkbnr/pp2pppp/8/2ppn3/6b1/P1P2N2/1P1P1PPP/RNBQKB1R w KQkq - 0 6,https://www.chess.com/game/live/174537660674
2026-09-15,rapid,Bishops Opening,12,black,opening,False,20.8,exf4,Nf6,rn2k1nr/1p2bpp1/p1pp2qp/3Pp3/4bP2/PBN1B1P1/1PP1N2P/R2QK1R1 b Qkq - 1 12,https://www.chess.com/game/live/174494936544
2026-09-15,rapid,Bishops Opening,16,black,middlegame,True,21.9,d5,Bxc2,rn2k1nr/4bppq/p1pp3p/8/3QbNP1/PBN1B3/1PP4P/R3K1R1 b Qkq - 1 16,https://www.chess.com/game/live/174494936544
2026-09-15,rapid,Vienna Game,8,black,opening,False,20.4,Bh4,Nf6,rnb1k1nr/pp2bpp1/2pp2qp/4p3/4PP2/2NP4/PPP1B1PP/R1BQNRK1 b kq - 0 8,https://www.chess.com/game/live/174490852772
2026-09-15,rapid,Bishops Opening,15,black,middlegame,False,29.5,Nh5,Be6,rn2k2r/3bbpp1/p2p1nqp/8/2B1PR2/2PP3P/1P4PN/RNBQ3K b kq - 0 15,https://www.chess.com/game/live/174490776528
2026-09-15,rapid,Kings Pawn Opening,18,white,middlegame,False,21.9,Rac1,d4,r3k2r/p2q1p2/3pb2p/1pp1b1p1/4Pp2/1PPP3P/P2NBPPQ/R4RK1 w kq - 0 18,https://www.chess.com/game/live/174490324942
2026-09-15,rapid,Kings Pawn Opening,45,white,middlegame,False,56.4,d6,Ng4+,6r1/8/pR4nk/P2PN3/1P2b3/2P3P1/5P2/6K1 w - - 2 45,https://www.chess.com/game/live/174489804080
2026-09-15,rapid,Kings Pawn Opening,46,white,middlegame,False,45.0,d7,Nd7,6r1/8/pR1P2n1/P3N2k/1P2b3/2P3P1/5P2/6K1 w - - 1 46,https://www.chess.com/game/live/174489804080
2026-09-15,rapid,Kings Pawn Opening,61,white,endgame,False,52.3,Rd6,Rg8,8/8/P5R1/5k2/1PP5/6P1/1n1K1Pb1/8 w - - 3 61,https://www.chess.com/game/live/174489804080
2026-09-13,rapid,Kings Pawn Opening Kings Knight Variation,12,black,opening,False,22.5,Qh5,Be6,rn2k1nr/p3bpp1/2pp2qp/4p3/4P1b1/2N1BN2/PPP1BPPP/R2QRK2 b kq - 5 12,https://www.chess.com/game/live/174440111130
2026-09-13,rapid,Kings Pawn Opening Kings Knight Variation,15,black,middlegame,True,28.9,Qf6,Qe6,rn2k1nr/p3bpp1/2pp2qp/4p2B/4P3/2N1B2P/PPP2PP1/R2QRK2 b kq - 2 15,https://www.chess.com/game/live/174440111130
2026-09-13,rapid,Sicilian Defense,18,white,middlegame,True,43.9,Qxc5,Qxh3,r2q1rk1/1p3pb1/p1n2npp/P1p1p3/2N5/1PPPQ2b/1B2NP2/R2BK1R1 w Q - 0 18,https://www.chess.com/game/live/174431315892
2026-09-13,rapid,Scandinavian Defense,11,white,opening,False,32.3,Qxd3,Nxc6,2kr1bnr/p1p2ppp/1pb1p3/3qP3/3N4/2Pp2Q1/PP1P1PPP/RNB2RK1 w - - 0 11,https://www.chess.com/game/live/174395417194
2026-09-13,rapid,Philidor Defense,15,black,middlegame,True,24.7,Bc5,Qxf3,r1b1k1nr/5pp1/1bpp1q1p/p3p3/P3P1P1/1BN2N1P/1PPQ1P2/R3K2R b KQkq - 1 15,https://www.chess.com/game/live/174395249140
2026-09-12,rapid,Van t Kruijs Opening,7,black,opening,False,22.4,Bh3,h5,rnb1k1nr/ppp1bpp1/3p2qp/4P3/8/4P3/PPPPB1PP/RNBQNRK1 b kq - 0 7,https://www.chess.com/game/live/174378532450
2026-09-12,rapid,Scandinavian Defense,36,white,middlegame,False,26.6,Nc7,bxc6,8/pp1n2pk/2p1Nr1p/PP1p3K/3P4/8/8/2R5 w - - 7 36,https://www.chess.com/game/live/174348292480
2026-09-12,rapid,Kings Pawn Opening Kings Knight Variation,14,black,middlegame,True,22.0,Qe6,Bxg4,rnb1k1nr/4b1p1/2p2q1p/pp2N3/1P2P1N1/3Q4/P1P2PPP/R1B2RK1 b kq - 2 14,https://www.chess.com/game/live/174348125122
2026-09-10,rapid,Kings Pawn Opening Kings Knight Variation,33,black,endgame,False,73.5,a6,Kd4,7r/p7/1p3R2/2k5/2P5/1P5p/P2K2nP/8 b - - 0 33,https://www.chess.com/game/live/174253528806
2026-09-10,rapid,Kings Pawn Opening Kings Knight Variation,36,black,endgame,False,67.1,Kc5,Kb7,8/8/ppk2R2/8/2P4r/1PK4p/P5nP/8 b - - 5 36,https://www.chess.com/game/live/174253528806
2026-09-10,rapid,Kings Pawn Opening,17,white,middlegame,False,20.1,Bd4,f4,r5k1/pppn2b1/3pbqpp/4n2r/8/2P1B1QP/PPB1NPP1/RN3RK1 w - - 0 17,https://www.chess.com/game/live/174253308196
2026-09-10,rapid,Kings Pawn Opening,19,white,middlegame,False,22.4,Nf4,f4,r5k1/pp4b1/3pbqpp/2p1n2r/8/2P3QP/PPB1NPP1/RN3RK1 w - - 0 19,https://www.chess.com/game/live/174253308196
2026-09-08,rapid,Kings Pawn Opening,17,white,middlegame,False,28.1,Qf3,Qc4,r4rk1/ppp3bp/3q2p1/3n1b2/4Q3/2P4P/PP1BNPP1/RN3RK1 w - - 1 17,https://www.chess.com/game/live/174176118952
2026-09-08,rapid,Kings Pawn Opening,25,white,middlegame,True,78.7,Bxf4,Qxd8+,3r2k1/ppp2r1p/2b3pB/5q2/2NQ1n2/2P4P/PP3PP1/R3R1K1 w - - 9 25,https://www.chess.com/game/live/174176118952
2026-09-08,rapid,Kings Pawn Opening,26,white,middlegame,True,25.8,Qxf4,Qxd8+,3r2k1/ppp2r1p/2b3p1/8/2NQ1q2/2P4P/PP3PP1/R3R1K1 w - - 0 26,https://www.chess.com/game/live/174176118952
2026-09-08,rapid,Kings Pawn Opening,27,white,middlegame,False,46.6,f3,b3,3r2k1/ppp4p/2b3p1/8/2N2r2/2P4P/PP3PP1/R3R1K1 w - - 0 27,https://www.chess.com/game/live/174176118952
2026-09-08,rapid,Kings Pawn Opening,40,white,middlegame,False,23.0,c5,cxb5,8/2p5/2b2kp1/1p4rp/2P5/1P2N2P/6P1/4R1K1 w - - 2 40,https://www.chess.com/game/live/174176118952
2026-09-08,rapid,Kings Pawn Opening,41,white,middlegame,True,54.3,Kf2,h4,8/2p5/2b3p1/1pP1k1rp/8/1P2N2P/6P1/4R1K1 w - - 1 41,https://www.chess.com/game/live/174176118952
2026-09-08,rapid,Kings Pawn Opening Kings Knight Variation,17,black,middlegame,False,23.6,Kh7,Nxg6,r2b1rk1/p3npp1/1npB2Rp/8/4P3/1BN5/PPP3PP/R2bN1K1 b - - 0 17,https://www.chess.com/game/live/174175670470
2026-09-08,rapid,Kings Pawn Opening Kings Knight Variation,26,black,middlegame,False,26.3,axb4,Rxc4,r5k1/5pp1/3pq2p/p1r1p3/QPP1P3/5PP1/P5KP/3R4 b - - 0 26,https://www.chess.com/game/live/174175410754
2026-09-07,rapid,Scandinavian Defense,35,white,middlegame,False,22.5,Qb5,Qf8+,k7/p2r1p2/4p3/3pP1qp/1QpP4/3b1RP1/1P3P2/R5K1 w - - 2 35,https://www.chess.com/game/live/174107383230
2026-09-07,rapid,Scandinavian Defense,36,white,middlegame,True,28.9,Qc6,Qe8+,k7/pr3p2/4p3/1Q1pP1qp/2pP4/3b1RP1/1P3P2/R5K1 w - - 4 36,https://www.chess.com/game/live/174107383230
2026-09-07,rapid,Scandinavian Defense,37,white,middlegame,False,37.6,Ra6,Qe8+,1k6/pr3p2/2Q1p3/3pP1qp/2pP4/3b1RP1/1P3P2/R5K1 w - - 6 37,https://www.chess.com/game/live/174107383230
2026-09-07,rapid,Scandinavian Defense,39,white,middlegame,True,47.5,Qd6+,Qe8+,1k6/pr3p2/R1Q1p3/3pP2p/2pPb3/5RP1/1P3PK1/2q5 w - - 10 39,https://www.chess.com/game/live/174107383230
2026-09-07,rapid,Scandinavian Defense,42,white,middlegame,True,45.9,Kxf3,Qxf3,kr6/p4Q2/R3p3/3pP2p/2pP4/5bP1/1P3PK1/2q5 w - - 0 42,https://www.chess.com/game/live/174107383230
2026-09-06,rapid,Kings Pawn Opening,16,white,middlegame,False,32.1,b4,f4,2kr1r2/2pbq3/p1np2p1/1p2pp1p/4P3/2PPQ2P/PPBNNPP1/R4RK1 w - - 0 16,https://www.chess.com/game/live/174098730162
2026-09-06,rapid,Kings Pawn Opening,21,white,middlegame,False,45.6,c4,d4,Rnkr3r/2pbq3/3p4/1p2p1pp/1P2Pp2/2PP1Q1P/2BNNPP1/5RK1 w - - 2 21,https://www.chess.com/game/live/174098730162
2026-09-06,rapid,Kings Pawn Opening,22,white,middlegame,False,46.3,Ra5,Rfa1,Rn1r3r/1kpbq3/3p4/1p2p1pp/1PP1Pp2/3P1Q1P/2BNNPP1/5RK1 w - - 1 22,https://www.chess.com/game/live/174098730162
2026-09-06,rapid,Kings Pawn Opening,24,white,middlegame,False,60.7,Ba4,d4,2kr3r/2pbq3/2np4/1R2p1pp/1PP1Pp2/3P1Q1P/2BNNPP1/5RK1 w - - 1 24,https://www.chess.com/game/live/174098730162
2026-09-06,rapid,Kings Fianchetto Opening,19,black,middlegame,True,71.0,b6,cxd4,r4rk1/pp1q1ppp/n2P1n2/1Np5/3Q4/1P4P1/P1P1RPBP/3R2K1 b - - 0 19,https://www.chess.com/game/live/174082575800
2026-09-06,rapid,Kings Fianchetto Opening,20,black,middlegame,True,72.2,Rxa8,cxd4,B4rk1/p2q1ppp/np1P1n2/1Np5/3Q4/1P4P1/P1P1RP1P/3R2K1 b - - 0 20,https://www.chess.com/game/live/174082575800
2026-09-06,rapid,Kings Fianchetto Opening,21,black,middlegame,True,47.5,Qxb5,cxd4,r5k1/p2qRppp/np1P1n2/1Np5/3Q4/1P4P1/P1P2P1P/3R2K1 b - - 1 21,https://www.chess.com/game/live/174082575800
2026-09-06,rapid,Kings Fianchetto Opening,22,black,middlegame,True,77.9,Nxd7,cxd4,r5k1/p2PRppp/np3n2/1qp5/3Q4/1P4P1/P1P2P1P/3R2K1 b - - 0 22,https://www.chess.com/game/live/174082575800
2026-09-06,rapid,Caro Kann Defense,10,white,opening,False,20.8,Bd1,Bg5,r2q1rk1/pp3ppp/2nbbn2/3pp3/8/1BPP1Q2/PP2NPPP/RNB2RK1 w - - 5 10,https://www.chess.com/game/live/174082248920
2026-09-06,rapid,Caro Kann Defense,20,white,middlegame,True,68.6,Bg4,Nxe6,r4rk1/pp4pp/4bp2/4nq2/4pN2/2P3Q1/PP4PK/RNBB4 w - - 4 20,https://www.chess.com/game/live/174082248920
2026-09-06,rapid,Kings Pawn Opening Kings Knight Variation,9,black,opening,True,27.7,Be6,Bxf3,r2bk1nr/ppp2pp1/2np1q1p/4p2P/4P1bR/2PP1N2/PP2BP2/RNBQK3 b Qkq - 2 9,https://www.chess.com/game/live/174082090494
2026-09-06,rapid,Owens Defense,19,white,middlegame,False,41.0,Ne5,a4,1r2kb1r/1bpp2pp/p2np1q1/1p3p2/3P4/2P1QN1P/PP2BPP1/R1B2RK1 w k - 4 19,https://www.chess.com/game/live/174061427134
2026-09-06,rapid,French Defense Steinitz Attack,19,white,middlegame,False,33.2,f3,exf6,1r1q1rk1/1bp3b1/p1n4p/PpNpPp2/1P1P2p1/2P5/5PPN/R1BQ1RK1 w - f6 0 19,https://www.chess.com/game/live/174060054144
2026-09-06,rapid,French Defense Steinitz Attack,20,white,middlegame,False,25.8,Ng4,Bf4,1r1q1rk1/1bp3b1/p1n4p/PpNpPp2/1P1P4/2P2Pp1/6PN/R1BQ1RK1 w - - 0 20,https://www.chess.com/game/live/174060054144
2026-09-06,rapid,French Defense Steinitz Attack,30,white,middlegame,True,64.4,Kb3,Nxe4,1r3rk1/1bp3b1/p1n4p/PpNpP3/1P1Pq1p1/2P5/2K3p1/R1BQ2R1 w - - 2 30,https://www.chess.com/game/live/174060054144
2026-09-06,rapid,Bishops Opening,21,black,middlegame,False,67.8,Bc7,f6,rn1b1rk1/4npp1/p1ppq2p/1p6/2PQP3/1P3RP1/PB2NPKP/3R4 b - - 0 21,https://www.chess.com/game/live/174059787524
2026-09-05,rapid,Sicilian Defense,9,white,opening,True,20.2,Na3,Nxe5,r1b2rk1/ppqp1ppp/3bpn2/2p1n3/4P3/2P1QN1P/PP1PBPP1/RNB2RK1 w - - 6 9,https://www.chess.com/game/live/174013564342
2026-09-05,rapid,Sicilian Defense,10,white,opening,True,36.8,Nc2,Nxe5,r1b2rk1/1pqp1ppp/p2bpn2/2p1n3/4P3/N1P1QN1P/PP1PBPP1/R1B2RK1 w - - 0 10,https://www.chess.com/game/live/174013564342
2026-09-05,rapid,Sicilian Defense,14,white,middlegame,True,35.6,Qd4,Qxf4,r1b2rk1/2qp1ppp/p3pn2/1p6/4Pb2/2P1QN1P/PP2BPP1/R1B2RK1 w - - 1 14,https://www.chess.com/game/live/174013564342
2026-09-05,rapid,Sicilian Defense,22,white,middlegame,True,59.5,Rb1,Bxh7+,r1b1r1k1/1q1p1ppp/2n1p3/p3P3/2RQB3/1P3N1P/P4PP1/5RK1 w - - 4 22,https://www.chess.com/game/live/174013564342
2026-09-05,rapid,Sicilian Defense,40,white,middlegame,False,38.1,Rxd7+,Rc7,8/3p3k/4pp1p/1q6/2RR4/5N1P/5PPK/8 w - - 4 40,https://www.chess.com/game/live/174013564342
2026-09-05,rapid,Sicilian Defense,49,white,middlegame,False,47.5,Rf7,Nxe4+,8/1R6/3k1p1R/6Np/4p3/7P/5qPK/8 w - - 2 49,https://www.chess.com/game/live/174013564342
2026-09-05,rapid,Sicilian Defense,52,white,middlegame,False,34.6,Rxh5,Rc6+,8/8/3R3R/6Np/2k1p3/4q2P/6PK/8 w - - 3 52,https://www.chess.com/game/live/174013564342
2026-09-05,rapid,Sicilian Defense,54,white,middlegame,True,30.8,Nxe4,Rh4,8/8/3q4/6NR/2k1p3/7P/6P1/6K1 w - - 0 54,https://www.chess.com/game/live/174013564342
2026-09-05,rapid,Kings Pawn Opening Kings Knight Variation,18,black,middlegame,True,28.6,f6,Bxg4,r1bb1rk1/pp2npp1/2p3q1/4p1B1/4P1BP/P1N5/1PPQ1P2/2KR3R b - - 0 18,https://www.chess.com/game/live/174012959870
2026-09-05,rapid,Kings Pawn Opening Kings Knight Variation,33,black,middlegame,True,42.8,Rxh7,Nxh6,5r1k/p5rP/1pp3pB/4bn2/2q1N1Q1/P1P5/1P6/2KR3R b - - 2 33,https://www.chess.com/game/live/174012959870
2026-09-04,rapid,Kings Pawn Opening Kings Knight Variation,12,black,opening,False,27.9,b5,g6,r3k1nr/1pp1bpp1/p1np1q1p/4p3/2BPP2N/2P1B1P1/PP1N1P1P/R4QK1 b kq - 2 12,https://www.chess.com/game/live/173999885624
2026-09-04,rapid,Kings Pawn Opening Kings Knight Variation,13,black,middlegame,False,28.9,a5,exd4,r3k1nr/2p1bpp1/p1np1q1p/1p2p3/3PP2N/1BP1B1P1/PP1N1P1P/R4QK1 b kq - 1 13,https://www.chess.com/game/live/173999885624
2026-09-04,rapid,Kings Pawn Opening Kings Knight Variation,19,black,middlegame,False,21.0,O-O,g5,1r1bk2r/3nnpp1/3p1q1p/p2Pp3/Q3P2N/1BP1B1P1/PP1N1P1P/R5K1 b k - 4 19,https://www.chess.com/game/live/173999885624
2026-09-03,rapid,Kings Pawn Opening Kings Knight Variation,21,black,middlegame,True,28.3,Nc5,Nf6,r1b5/pp1n1Nk1/2p4p/7B/4PP2/2N5/PPP5/2K5 b - - 0 21,https://www.chess.com/game/live/173917270376
2026-09-02,rapid,Scandinavian Defense,31,white,middlegame,False,31.2,Bb4,d5,1n3r1k/4q1pp/4B1p1/B1p1P3/3P3P/1Q4P1/5P2/1N3K2 w - - 0 31,https://www.chess.com/game/live/173903183544
2026-09-01,rapid,Kings Pawn Opening,6,white,opening,False,30.6,Qc4,Qb3,r1bqk2r/1pppbppp/p1n2n2/1Q6/4P3/3P4/PPP2PPP/RNB1KBNR w KQkq - 0 6,https://www.chess.com/game/live/173820843800
2026-09-01,rapid,Kings Pawn Opening,28,white,middlegame,False,27.4,Kh2,Qf5,2r2r1k/1b2q1p1/p4bB1/3p4/2nP4/P1B2N1P/2Q2PP1/R5KR w - - 6 28,https://www.chess.com/game/live/173820843800
2026-09-01,rapid,Kings Pawn Opening,30,white,middlegame,False,78.2,Kg2,Nxh4,2r2r1k/1b4p1/p2q2B1/3p4/2nP3b/P1B2NPP/2Q2P1K/R6R w - - 1 30,https://www.chess.com/game/live/173820843800
2026-09-01,rapid,Kings Pawn Opening,31,white,middlegame,False,43.1,fxg3,Qd3,2r2r1k/1b4p1/p2q2B1/3p4/2nP4/P1B2NbP/2Q2PK1/R6R w - - 0 31,https://www.chess.com/game/live/173820843800
2026-09-01,rapid,Kings Pawn Opening Leonardis Variation,19,black,middlegame,True,23.3,Bxc3,Ba5,1r2k2r/BP1nnpp1/B1p2q1p/3pp3/1b2P2N/P1N3Pb/2PQ1P1P/R3K2R b KQk - 0 19,https://www.chess.com/game/live/173820499836
2026-09-01,rapid,Kings Pawn Opening Kings Knight Variation,18,black,middlegame,False,26.1,Rab8,Rae8,r4rk1/pp2Rpp1/2p2n1p/3p1b2/1P3B2/2P2P1P/P5P1/RN4K1 b - - 0 18,https://www.chess.com/game/live/173820334750
2026-09-01,rapid,Kings Pawn Opening,9,white,opening,False,21.1,a3,Nf3,r1b2rk1/pp2bppp/2n2n2/8/2P5/7P/PP1P1PP1/RNB1KBNR w KQ - 0 9,https://www.chess.com/game/live/173820241762
2026-09-01,rapid,Kings Pawn Opening,13,white,middlegame,False,21.6,Nf3,Nc3,r3r1k1/pp3ppp/2n2n2/5b2/1PPb4/P6P/R2PBPP1/1NB1K1NR w K - 5 13,https://www.chess.com/game/live/173820241762
2026-09-01,rapid,Kings Pawn Opening Kings Knight Variation,8,black,opening,False,37.0,Bg4,hxg5,r1b1kbnr/ppp2pp1/2np3p/4p1B1/3Pq3/5N2/PPPQBPPP/RN3RK1 b kq - 1 8,https://www.chess.com/game/live/173819976682
2026-09-01,rapid,Kings Pawn Opening Kings Knight Variation,11,black,opening,False,32.3,Qxd4,Qf5,r3kbnr/ppp2pp1/2np3p/8/3Bq3/5B2/PPPQ1PPP/RN3RK1 b kq - 0 11,https://www.chess.com/game/live/173819976682
2026-08-31,rapid,Kings Pawn Opening,7,white,opening,False,25.9,Bd3,Bxe6,r2qkb1r/ppp2p1p/2npbnp1/4p3/2B1P3/2P2Q1P/PP1P1PP1/RNB1K1NR w KQkq - 1 7,https://www.chess.com/game/live/173798689134
2026-08-31,rapid,Kings Pawn Opening,18,white,middlegame,True,35.4,Bb3,Bxf6,r4rk1/n1p2pb1/3qbnp1/1p2p1Bp/1P1pP3/P2P1Q1P/2BNNPP1/R4RK1 w - - 3 18,https://www.chess.com/game/live/173798689134
2026-08-31,rapid,Kings Pawn Opening,37,white,middlegame,False,21.3,Kg2,gxf4,6k1/6b1/4q3/4p2Q/pP1p1p1P/P2P2P1/5P2/2B3K1 w - - 0 37,https://www.chess.com/game/live/173798689134
2026-08-31,rapid,Kings Pawn Opening,47,white,middlegame,False,44.6,h5,Bxa3,6k1/6b1/8/6Q1/pP1p2PP/q7/7K/2B5 w - - 0 47,https://www.chess.com/game/live/173798689134
2026-08-31,rapid,Queens Pawn Opening Horwitz Defense,8,black,opening,False,23.9,e5,Bf8,r1b1k1nr/1pp1bpp1/p1nppq1p/8/2PP4/2NBP3/PPQBNPPP/R3K2R b KQkq - 7 8,https://www.chess.com/game/live/173798178646
2026-08-31,rapid,Queens Pawn Opening Horwitz Defense,9,black,opening,False,20.8,Nb4,Nb8,r1b1k1nr/1pp1bpp1/p1np1q1p/3Pp3/2P5/2NBP3/PPQBNPPP/R3K2R b KQkq - 0 9,https://www.chess.com/game/live/173798178646
2026-08-31,rapid,Queens Pawn Opening Horwitz Defense,23,black,middlegame,False,22.1,Bf6,a5,r2b1rk1/5pp1/p2q3p/3Pp3/8/P2Q3P/1P1B1PP1/R4RK1 b - - 0 23,https://www.chess.com/game/live/173798178646
2026-08-31,rapid,Queens Pawn Opening Horwitz Defense,24,black,middlegame,False,26.4,Rab8,Rfd8,r4rk1/5pp1/p2q1b1p/3Pp3/4Q3/P6P/1P1B1PP1/R4RK1 b - - 2 24,https://www.chess.com/game/live/173798178646
2026-08-29,rapid,Kings Pawn Opening,21,white,middlegame,False,40.8,Bg5,Na5,r2r2k1/1bp1npbp/p5p1/4p3/1PN1n3/2P4P/P1B1NPP1/R1B2RK1 w - - 2 21,https://www.chess.com/game/live/173717586968
2026-08-29,rapid,Kings Pawn Opening,8,white,opening,False,22.8,c3,Bxc6,2kr1b1r/ppp2ppp/2npbq1n/1B2p2Q/4P3/3P1N1P/PPP2PP1/RNB1K2R w KQ - 1 8,https://www.chess.com/game/live/173717354444
2026-08-29,rapid,Kings Pawn Opening,17,white,middlegame,False,21.2,g4,Be2,2kr1br1/ppp4p/3pb2p/1B2p2q/3PQ2n/2P4P/PP1N1PP1/RN3RK1 w - - 3 17,https://www.chess.com/game/live/173717354444
2026-08-29,rapid,Kings Pawn Opening,20,white,middlegame,False,20.9,Bc4,Qg3,2kr1br1/ppp4p/3p3p/1B1qPb2/6Pn/2P1Q2P/PP1N1P2/RN3RK1 w - - 3 20,https://www.chess.com/game/live/173717354444
2026-08-29,rapid,Kings Gambit Accepted Kings Knight Gambit,16,black,middlegame,False,41.2,c6,O-O,r1bbk2r/1pp1np2/7p/1N2q1pB/P4p2/2P5/6PP/R1BQ1RK1 b kq - 1 16,https://www.chess.com/game/live/173711651438
2026-08-29,rapid,Kings Pawn Opening Leonardis Variation,22,black,middlegame,False,33.7,Re8,Be7,r1nb1rk1/p4pp1/2p2q1p/P1Bnp3/1P6/5NPB/2P1NPKP/R2Q4 b - - 1 22,https://www.chess.com/game/live/173711057690
2026-08-29,rapid,Kings Pawn Opening Leonardis Variation,26,black,middlegame,False,24.9,Qe6,Ne3+,r1nb1k2/p4pp1/2q4p/P2nN3/1P6/6P1/2P1NPKP/R2Q4 b - - 0 26,https://www.chess.com/game/live/173711057690
2026-08-29,rapid,Kings Pawn Opening Leonardis Variation,29,black,middlegame,False,82.7,Rb8,Nb6,r1nb1k2/p4pp1/7p/P2Q4/1P3P2/6P1/2P1N1KP/q7 b - - 0 29,https://www.chess.com/game/live/173711057690
2026-08-29,rapid,Kings Pawn Opening Leonardis Variation,30,black,middlegame,True,66.1,Be7,Nxd6,1rnb1k2/p4pp1/3Q3p/P7/1P3P2/6P1/2P1N1KP/q7 b - - 2 30,https://www.chess.com/game/live/173711057690
2026-08-29,rapid,Kings Pawn Opening Leonardis Variation,49,black,middlegame,False,32.1,Kg8,g6,5k2/p3b1p1/Pq3p1p/1P3P2/2P1Q1PK/7P/8/8 b - - 0 49,https://www.chess.com/game/live/173711057690
2026-08-29,rapid,Kings Pawn Opening Leonardis Variation,53,black,middlegame,False,22.2,Kg8,Qd6,8/p3b1pk/P4p2/1Pq2PPK/2P1Q3/8/8/8 b - - 0 53,https://www.chess.com/game/live/173711057690
2026-08-29,rapid,Kings Pawn Opening Leonardis Variation,57,black,middlegame,False,29.8,Qc5,Qe4+,7k/p3bQp1/P4pP1/1P3q2/2P4K/8/8/8 b - - 1 57,https://www.chess.com/game/live/173711057690
2026-08-29,rapid,Kings Pawn Opening Leonardis Variation,61,black,middlegame,False,56.6,Bc5,Bd6+,5bk1/p5p1/P4pP1/1P4q1/2P1Q3/8/7K/8 b - - 9 61,https://www.chess.com/game/live/173711057690
2026-08-29,rapid,Kings Pawn Opening Leonardis Variation,65,black,middlegame,False,40.4,Qa8,Qe2+,4qbk1/P5p1/5p2/1P6/2PQ4/8/7K/8 b - - 0 65,https://www.chess.com/game/live/173711057690
2026-08-29,rapid,Kings Pawn Opening,7,white,opening,False,22.4,b4,Bb3,r1bq1rk1/pppp1pbp/2n2np1/4p3/2B1P3/2P2Q1P/PP1P1PP1/RNB1K1NR w KQ - 1 7,https://www.chess.com/game/live/173710494024
2026-08-29,rapid,Kings Pawn Opening,32,white,middlegame,False,20.5,Qd6,Qe2,5rk1/8/p1n1p1r1/Ppq1p1p1/4PbNp/3Q1P1P/2N3P1/3R1R1K w - - 4 32,https://www.chess.com/game/live/173710494024
2026-08-29,rapid,Pirc Defense,5,white,opening,True,32.8,h3,e5,rnbqkb1r/p3pppp/1p1p1n2/2p5/4P3/2PP1Q2/PP3PPP/RNB1KBNR w KQkq - 1 5,https://www.chess.com/game/live/173678952680
2026-08-29,rapid,Pirc Defense,22,white,middlegame,False,20.3,a6,e5,r2q1n2/4bpkp/2bppnp1/P1p5/2P1P3/1N3NQP/4BPP1/R4RK1 w - - 3 22,https://www.chess.com/game/live/173678952680
2026-08-29,rapid,Pirc Defense,23,white,middlegame,False,23.1,e5,Nbd2,r4n2/4bpkp/Pqbppnp1/2p5/2P1P3/1N3NQP/4BPP1/R4RK1 w - - 1 23,https://www.chess.com/game/live/173678952680
2026-08-28,rapid,Queens Pawn Opening Horwitz Defense,10,black,opening,False,21.5,Qxg2,Nd7,rnb1k1nr/1pp2pp1/p2p1bqp/3Pp3/4P3/2N1BN1P/PPPQBPP1/2KR3R b kq - 8 10,https://www.chess.com/game/live/173674401196
2026-08-28,rapid,Queens Pawn Opening Horwitz Defense,16,black,middlegame,False,28.1,a5,b5,rnb1k2r/2p1npp1/pp1p1b1p/3Pp2P/N3q3/1PQ1BN2/P1P1BP2/2KR3R b kq - 1 16,https://www.chess.com/game/live/173674401196
2026-08-28,rapid,Queens Pawn Opening Horwitz Defense,18,black,middlegame,True,26.6,Nxd5,Qxe2,rnb2rk1/2Q1npp1/1B1p1b1p/p2Pp2P/N3q3/1P3N2/P1P1BP2/2KR3R b - - 0 18,https://www.chess.com/game/live/173674401196
2026-08-28,rapid,Queens Pawn Opening Horwitz Defense,20,black,middlegame,True,40.2,Ra6,Qxe2,rnb2rk1/5pp1/1N1Q1b1p/p3p2P/4q3/1P3N2/P1P1BP2/2KR3R b - - 0 20,https://www.chess.com/game/live/173674401196
2026-08-28,rapid,Queens Pawn Opening Horwitz Defense,24,black,middlegame,False,48.5,Rb6,Re6,2N2rk1/1Q3pp1/r6p/p3p1bP/8/1P6/P1PN1q2/2KR3R b - - 2 24,https://www.chess.com/game/live/173674401196
2026-08-28,rapid,English Opening Kings English Variation,6,black,opening,False,21.2,Nc6,Nf6,rnb1k1nr/pppp1ppp/4q3/8/1bPP4/2N5/PP2BPPP/R1BQK1NR b KQkq - 4 6,https://www.chess.com/game/live/173674166436
2026-08-28,rapid,Kings Pawn Opening,16,white,middlegame,True,45.1,gxf3,Bxf3,r1b2rk1/1p3pb1/p1p3pp/P2Bp3/1P6/2PP1q1P/4NPP1/RN2K2R w KQ - 0 16,https://www.chess.com/game/live/173630693326
2026-08-28,rapid,Kings Pawn Opening,40,white,middlegame,True,28.3,f4,Rb7+,r7/3k2b1/pR5p/P5p1/4N3/5PK1/5P2/8 w - - 5 40,https://www.chess.com/game/live/173630693326
2026-08-28,rapid,Kings Pawn Opening,42,white,middlegame,True,29.9,Kg3,Rb7+,r7/3k2b1/pR6/P6p/4NK2/8/5P2/8 w - - 0 42,https://www.chess.com/game/live/173630693326
2026-08-28,rapid,Kings Pawn Opening,43,white,middlegame,True,66.8,f3,Rd6+,r7/3k4/pR6/P6p/3bN3/6K1/5P2/8 w - - 2 43,https://www.chess.com/game/live/173630693326
2026-08-28,rapid,Caro Kann Defense Advance Variation,24,white,middlegame,True,21.5,b4,Bxb8,1r2rnk1/p3q1pp/4bn2/3p4/3P1B2/1PP2Q1P/4BPP1/R4RK1 w - - 1 24,https://www.chess.com/game/live/173630379232
2026-08-27,rapid,Bishops Opening,15,black,middlegame,False,20.0,O-O,Bb7,r1b1k2r/4bppp/p2p1nq1/2p5/2PpP1P1/1P3Q1P/PBPN1P2/2KR2R1 b kq - 0 15,https://www.chess.com/game/live/173582775208
2026-08-27,rapid,Bishops Opening,19,black,middlegame,False,47.8,a4,Be6,r1b2rk1/4bppp/5nq1/p3B3/1pP3P1/5Q1P/P1PN1P2/2KR2R1 b - - 0 19,https://www.chess.com/game/live/173582775208
2026-08-26,rapid,Modern Defense with,37,white,middlegame,False,24.6,Kg3,Rd7+,1r6/4k2p/3R2p1/1p6/6PP/1P1R4/1r3PK1/8 w - - 1 37,https://www.chess.com/game/live/173559324802
2026-08-26,rapid,Nimzowitsch Defense Kennedy Variation,11,black,opening,False,36.4,Nxe5,Qg6,r1b1kbnr/pppn1pp1/5q1p/4P3/3N4/2P5/PP4PP/RNBQ1RK1 b kq - 0 11,https://www.chess.com/game/live/173558121680
2026-08-26,rapid,Nimzowitsch Defense Kennedy Variation,18,black,middlegame,False,73.5,Be6,Rd7,2kr2nr/1pp1bp2/p4p1p/5b2/2Q2B2/2P5/PP4PP/R5K1 b - - 1 18,https://www.chess.com/game/live/173558121680
2026-08-26,rapid,Kings Pawn Opening,30,white,middlegame,False,28.9,Kf2,Rfe1,2k4r/pp2q3/2p1b3/P6r/6p1/3PQ1P1/1PP3B1/R4RK1 w - - 1 30,https://www.chess.com/game/live/173557716376
2026-08-26,rapid,Kings Pawn Opening,35,white,middlegame,False,24.4,b3,Bxb7+,2k5/pp6/3qb3/P1p5/2P3p1/3PQ1P1/1P2KRBr/8 w - - 0 35,https://www.chess.com/game/live/173557716376
2026-08-26,rapid,French Defense Normal Variation,29,black,middlegame,False,59.0,Bxb5,bxa6,2k3r1/1ppb4/P3p2r/1N3p2/2P4p/3R4/5PPP/b5K1 b - - 0 29,https://www.chess.com/game/live/173535194316
2026-08-26,rapid,Queens Pawn Opening Horwitz Defense,13,black,middlegame,True,20.5,Bxg3,bxc6,3rk1nr/ppp2pp1/2Nb1q1p/8/8/4P1B1/PPP1QPPP/RN3RK1 b k - 0 13,https://www.chess.com/game/live/173535069320
2026-08-26,rapid,Queens Pawn Opening Horwitz Defense,23,black,middlegame,False,22.6,Rg8,Qxe3+,5r2/pp3p1k/2p2p1p/2N1q3/6Q1/1P2P1P1/P1P3PP/5RK1 b - - 5 23,https://www.chess.com/game/live/173535069320
2026-08-26,rapid,Owens Defense,39,white,middlegame,False,41.1,Kf3,Qe3,8/2r4p/1q2pkp1/p2p1p2/3P1P2/2PQ3P/2B2KP1/R7 w - - 3 39,https://www.chess.com/game/live/173534675498
2026-08-26,rapid,Owens Defense,40,white,middlegame,False,25.9,g4,Ra2,8/7p/1q2pkp1/p2p1p2/2rP1P2/2PQ1K1P/2B3P1/R7 w - - 5 40,https://www.chess.com/game/live/173534675498
2026-08-26,rapid,Owens Defense,44,white,endgame,True,39.3,Kg2,Bxd3,8/4k2p/4p1p1/p2p1pP1/3P1P2/3r1K1P/1RB5/8 w - - 0 44,https://www.chess.com/game/live/173534675498
2026-08-26,rapid,Owens Defense,49,white,endgame,False,24.6,Bb3,Bd1,8/R7/3kp1p1/3p1pP1/2r2P2/p5KP/2B5/8 w - - 2 49,https://www.chess.com/game/live/173534675498
2026-08-25,rapid,Scandinavian Defense,9,white,opening,False,26.8,Qf3,Ne2,r2qk1nr/3nppbp/p3b1p1/1pppP3/3P4/2P4P/PPB2PP1/RNBQK1NR w KQkq - 0 9,https://www.chess.com/game/live/173525959026
2026-08-25,rapid,Scandinavian Defense,18,white,middlegame,False,25.9,Bb2,Rfe1,r2qk2r/3b1pbp/1n4p1/pp2Pp2/2pP4/B1P2QNP/P2N1PP1/R4RK1 w kq - 0 18,https://www.chess.com/game/live/173525959026
2026-08-25,rapid,Kings Pawn Opening Kings Knight Variation,9,black,opening,False,28.7,c6,Qa5,r1b1k1nr/ppp1bppp/8/4q3/4B3/8/PPP2PPP/RNBQR1K1 b kq - 2 9,https://www.chess.com/game/live/173525910330
2026-08-25,rapid,Pirc Defense,10,white,opening,False,26.2,c4,Nd2,rn1q1rk1/pp1bppbp/3p1np1/2pP2B1/4P3/2P2Q1P/PP3PP1/RN2KBNR w KQ - 1 10,https://www.chess.com/game/live/173525460038
2026-08-25,rapid,Pirc Defense,53,white,middlegame,False,47.5,Bd8,Qe4+,8/7Q/8/R5B1/P5kP/1P4P1/6K1/8 w - - 5 53,https://www.chess.com/game/live/173525460038
2026-08-25,rapid,Bishops Opening,22,black,middlegame,False,84.9,Rh7,Bg4,r1b3kr/6p1/2n3Np/p7/1p2N3/8/PPP4b/R3KR2 b Q - 1 22,https://www.chess.com/game/live/173525148528
2026-08-25,rapid,Pirc Defense Maroczy Defense,38,black,endgame,False,23.5,h3,g3,8/p3k3/P1p2p2/2N5/6pp/1K6/P1P1b3/6B1 b - - 1 38,https://www.chess.com/game/live/173519521166
2026-08-25,rapid,Pirc Defense Maroczy Defense,45,black,endgame,True,30.1,Kg4,f4,8/p7/P1p5/2K2pk1/8/3P2Bp/P7/8 b - - 2 45,https://www.chess.com/game/live/173519521166
2026-08-25,rapid,Bishops Opening,13,black,middlegame,False,43.0,Bf6,Bd8,rn2k1nr/pp3ppp/2pp2q1/6b1/3p1P2/6P1/PPP1B2P/R1BN1QK1 b kq - 0 13,https://www.chess.com/game/live/173514081786
2026-08-25,rapid,Kings Pawn Opening Kings Knight Variation,20,black,middlegame,True,62.9,a5,Qxg2#,r4rk1/p2bbpp1/2np2qp/3Np3/4Pn2/2BP1N2/PP2BPPP/R2Q1R1K b - - 12 20,https://www.chess.com/game/live/173484833894
2026-08-25,rapid,Kings Pawn Opening Kings Knight Variation,21,black,middlegame,False,33.2,Be6,Nxd5,r4rk1/3bbpp1/2np2qp/p2Np3/4Pn2/2BP1N2/PP2BPPP/R2Q2RK b - - 1 21,https://www.chess.com/game/live/173484833894
2026-08-24,rapid,Kings Pawn Opening Kings Knight Variation,12,black,opening,False,22.3,a6,h5,r3k1nr/pp2bpp1/1npp2qp/3Pp3/4P1b1/5NN1/PPP1BPP1/R1BQ1RK1 b kq - 2 12,https://www.chess.com/game/live/173478104466
2026-08-24,rapid,Kings Pawn Opening Kings Knight Variation,23,black,middlegame,False,21.1,Ra8,Ra5,3b1rk1/1R1n1pp1/3p1nqp/1QpPp3/r3P1b1/P1P2NN1/5PP1/2B2RK1 b - - 1 23,https://www.chess.com/game/live/173478104466
2026-08-24,rapid,Kings Pawn Opening Kings Knight Variation,46,black,endgame,False,26.2,Rxe3,Ra6,6k1/5p2/4r2p/3p2p1/2p5/P1P1R3/5KP1/8 b - - 1 46,https://www.chess.com/game/live/173478104466
2026-08-24,rapid,Kings Pawn Opening Kings Knight Variation,47,black,endgame,True,35.2,f5,Kf8,6k1/5p2/7p/3p2p1/2p5/P1P1K3/6P1/8 b - - 0 47,https://www.chess.com/game/live/173478104466
2026-08-24,rapid,Kings Pawn Opening Kings Knight Variation,54,black,endgame,False,40.0,h4,Kd6,8/8/4k3/P5pp/4Kp2/2P5/6P1/8 b - - 0 54,https://www.chess.com/game/live/173478104466
2026-08-24,rapid,Kings Pawn Opening Kings Knight Variation,55,black,endgame,False,35.3,Kf5,Kd6,8/8/4k3/P5p1/5p1p/2P2K2/6P1/8 b - - 1 55,https://www.chess.com/game/live/173478104466
2026-08-24,rapid,Bishops Opening,4,black,opening,False,34.4,Bc5,Qe7,rnb1kbnr/pppp1pp1/7p/4p3/2B1P2q/3P1N2/PPP2PPP/RNBQK2R b KQkq - 1 4,https://www.chess.com/game/live/173468230032
2026-08-24,rapid,Bishops Opening,23,black,middlegame,False,23.6,a2,Ngf6,4k1nr/3nbpp1/2P1q2p/1Q2p3/3p2P1/p3BN1P/5P2/3NK1R1 b k - 0 23,https://www.chess.com/game/live/173468230032
2026-08-24,rapid,Bishops Opening,27,black,middlegame,False,25.0,dxe3,Nf6,5knr/q3bpp1/7p/1Q2N3/3p2P1/4B2P/p4P2/3NK1R1 b - - 0 27,https://www.chess.com/game/live/173468230032
2026-08-24,rapid,Bishops Opening,29,black,middlegame,True,46.3,a1=Q,exf2+,5knr/3Qbpp1/7p/8/6P1/4p2P/p4P2/3NK1R1 b - - 0 29,https://www.chess.com/game/live/173468230032
2026-08-24,rapid,Bishops Opening,37,black,middlegame,True,32.8,Nf6,Qxe3+,4nk1r/5pp1/7p/8/2Q3P1/4N2P/3q4/5RK1 b - - 0 37,https://www.chess.com/game/live/173468230032
2026-08-24,rapid,Bishops Opening,38,black,middlegame,False,41.9,Qg5,Kg8,5k1r/5pp1/5n1p/5N2/2Q3P1/7P/3q4/5RK1 b - - 2 38,https://www.chess.com/game/live/173468230032
2026-08-24,rapid,Bishops Opening,42,black,middlegame,False,29.1,Kg7,Qe3+,7r/5p1k/3N1npp/6q1/6P1/7P/2Q5/5RK1 b - - 1 42,https://www.chess.com/game/live/173468230032
2026-08-24,rapid,French Defense Advance Variation,22,white,middlegame,False,28.8,exf4,Rg4,2r2rk1/1p2n1p1/1q2p2p/1p1pP1b1/1P1P1p1P/P1N1P1RQ/6P1/RN4K1 w - - 0 22,https://www.chess.com/game/live/173436655912
2026-08-24,rapid,Nimzowitsch Defense Kennedy Linksspringer Variation,26,black,middlegame,False,80.2,cxd5,Rg8,r2r3q/3bkp1N/p1pp2pQ/2nPp2p/2p1P3/2N4P/PPP2P2/2K3R1 b - - 7 26,https://www.chess.com/game/live/173436198968
2026-08-23,rapid,French Defense Steinitz Attack,4,white,opening,False,23.4,Be2,Nc3,rn1qkbnr/pbpp1ppp/1p2p3/4P3/3P4/8/PPP2PPP/RNBQKBNR w KQkq - 1 4,https://www.chess.com/game/live/173419402292
2026-08-23,rapid,Queens Pawn Opening Chigorin Variation,15,black,middlegame,False,27.4,Bd8,cxb5,r4rk1/pp2bpp1/1np1bnqp/1N1p4/3P4/1P3B2/P1PBQPPN/R3R1K1 b - - 2 15,https://www.chess.com/game/live/173414009098
2026-08-23,rapid,Queens Pawn Opening Chigorin Variation,21,black,middlegame,False,39.5,Nd7,Bf5,1r3rk1/pp4p1/1np1b1qp/3pQ3/3P4/1P3B2/P1P2PPN/R3R1K1 b - - 0 21,https://www.chess.com/game/live/173414009098
2026-08-23,rapid,Kings Pawn Opening Kings Knight Variation,5,black,opening,True,44.4,Qe6,Nxf3+,r1b1kbnr/pppp1ppp/5q2/4n1B1/4P3/5N2/PPP2PPP/RN1QKB1R b KQkq - 1 5,https://www.chess.com/game/live/173413555162
2026-08-23,rapid,Kings Pawn Opening,18,white,middlegame,False,51.4,Ne2,Qa3,r4rk1/np4bp/5np1/pP2p1B1/2Pq4/5Q1P/3N1PP1/R3K1NR w KQ - 1 18,https://www.chess.com/game/live/173413357482
2026-08-22,rapid,Caro Kann Defense Advance Variation,16,white,middlegame,True,28.6,Nb5,Qxe6+,r3qrk1/pp2b1p1/2n1p1pp/3pP3/3P2Q1/P1N4P/1P3PP1/R1B2RK1 w - - 2 16,https://www.chess.com/game/live/173344593508
2026-08-22,rapid,Kings Pawn Opening Kings Knight Variation,19,black,middlegame,False,26.9,h5,Kh7,rn3rk1/4npp1/2pp1q1p/1p2p3/p3P2P/P1NPB2b/BPPQ1P2/1K1R2R1 b - - 2 19,https://www.chess.com/game/live/173343897280
2026-08-22,rapid,Kings Pawn Opening Kings Knight Variation,22,black,middlegame,True,21.6,Qxf3,Be6,rn2r1k1/4npp1/2pp1q2/1p2p2p/p3P1bP/P1NPBP2/BPPQ4/1K1R2R1 b - - 0 22,https://www.chess.com/game/live/173343897280
2026-08-21,rapid,Kings Pawn Opening Kings Knight Variation,41,black,middlegame,False,23.7,Nxe5,Re4,6k1/3n4/2N5/p3P3/3N4/4r3/8/6K1 b - - 2 41,https://www.chess.com/game/live/173294305272
2026-08-21,rapid,Kings Pawn Opening,21,white,middlegame,False,49.0,Ne2,Nxd4,r3k1nr/1pp1qp2/3p4/pP2p2p/P1PbP1n1/1N1P2Q1/R4PP1/2B1K1NR w Kkq - 0 21,https://www.chess.com/game/live/173294048356
2026-08-19,rapid,Scandinavian Defense,29,white,middlegame,True,37.6,Qxc4,Qxd8#,3r2k1/5ppp/p3p3/4q3/1Pp4Q/2P4P/P4PP1/R5K1 w - - 3 29,https://www.chess.com/game/live/173199752658
2026-08-18,rapid,Bishops Opening,13,black,middlegame,True,24.7,Qxc2,Qa3,rnb1kb1r/pp3pp1/2p2n1p/3pp3/8/2NP1QNP/PqPB1PP1/1R2R1K1 b kq - 1 13,https://www.chess.com/game/live/173151194334
2026-08-18,rapid,Bishops Opening,17,black,middlegame,False,28.6,Bxd2,dxe4,rnb1k2r/pp3pp1/2p4p/3p4/1b1PN3/5Q1P/P1qB1PP1/3RR1K1 b kq - 0 17,https://www.chess.com/game/live/173151194334
2026-08-18,rapid,Bishops Opening,18,black,middlegame,True,56.1,Kd7,Kd8,rnb1k2r/pp3pp1/2pN3p/3p4/3P4/5Q1P/P1qb1PP1/3RR1K1 b kq - 1 18,https://www.chess.com/game/live/173151194334
2026-08-18,rapid,Bishops Opening,21,black,middlegame,True,26.4,Ke7,Kd7,rnb4r/pp3pp1/2pk2qp/3p4/3P1Q2/7P/P2R1PP1/3R2K1 b - - 2 21,https://www.chess.com/game/live/173151194334
2026-08-18,rapid,Bishops Opening,22,black,middlegame,True,60.8,Kf6,Nd7,rnb4r/ppQ1kpp1/2p3qp/3p4/3P4/7P/P2R1PP1/3R2K1 b - - 4 22,https://www.chess.com/game/live/173151194334
2026-08-18,rapid,Bishops Opening,23,black,middlegame,True,27.8,Kg5,Be6,rnb4r/pp3pp1/2pQ1kqp/3p4/3P4/7P/P2R1PP1/3R2K1 b - - 6 23,https://www.chess.com/game/live/173151194334
2026-08-18,rapid,Bishops Opening,24,black,middlegame,False,27.6,Qf5,Kh4,rnb4r/pp3pp1/2p3qp/3pQ1k1/3P4/7P/P2R1PP1/3R2K1 b - - 8 24,https://www.chess.com/game/live/173151194334
2026-08-18,rapid,Bishops Opening,47,black,middlegame,False,24.2,Qxh5,Kg7,r7/p4p1k/1pp1r1q1/3p1b1R/5P2/5Q2/P5P1/6K1 b - - 0 47,https://www.chess.com/game/live/173151194334
2026-08-17,rapid,Kings Pawn Opening Kings Knight Variation,25,black,middlegame,False,72.5,Rd3,e3,3rr1k1/5pp1/1p4qp/pQp5/2P1p2P/2P3P1/P4P2/2R1R1K1 b - - 2 25,https://www.chess.com/game/live/173102376810
2026-08-17,rapid,French Defense Steinitz Attack,17,white,middlegame,False,35.5,Qd4,Qd1,r3qrk1/2p3bp/p4np1/1p1p1bB1/8/P1PQ3P/1P2NPP1/RN3RK1 w - - 1 17,https://www.chess.com/game/live/173102123672
2026-08-17,rapid,French Defense Steinitz Attack,23,white,middlegame,False,28.5,Nd2,Ne4,2b1rrk1/2p3bp/p5p1/1p4B1/8/P1P2PN1/1P4P1/RN3RK1 w - - 1 23,https://www.chess.com/game/live/173102123672
2026-08-17,rapid,Vienna Game,39,black,middlegame,True,21.2,Bg5,Be7,4r1k1/N4pp1/7p/P3P3/7b/4R1Pn/6K1/8 b - - 1 39,https://www.chess.com/game/live/173101111880
2026-08-16,rapid,Kings Pawn Opening,10,white,opening,False,20.0,g3,Nd2,r2q1rk1/ppp2pbp/2n1bnp1/4p1B1/3pP3/2PP1Q1P/PP2BPP1/RN2K1NR w KQ - 2 10,https://www.chess.com/game/live/173092727122
2026-08-16,rapid,Kings Pawn Opening,19,white,middlegame,True,26.4,f4,f3,r7/1pp3bk/p1n2qpp/4pr2/2Np2nP/2PP2P1/PP1BNPQ1/R4RK1 w - - 4 19,https://www.chess.com/game/live/173092727122
2026-08-16,rapid,Kings Pawn Opening,25,white,middlegame,False,21.6,Rf3,Be5,4r3/1pp3bk/p4qpp/3n1r2/3P1B1P/2P1p1P1/PP4Q1/2N1RRK1 w - - 5 25,https://www.chess.com/game/live/173092727122
2026-08-16,rapid,French Defense Advance Paulsen Attack,21,white,middlegame,True,28.2,Ra1,g4,1r3rk1/1p2npp1/4p2p/p2pPn2/2qP4/1RP2N1P/1BQ2PP1/5RK1 w - - 2 21,https://www.chess.com/game/live/173089891668
2026-08-16,rapid,French Defense Advance Paulsen Attack,44,white,middlegame,False,50.8,Rb6+,Na6,8/2r5/5k1p/1RNpp1p1/2nP4/2P3PP/4KP2/8 w - - 0 44,https://www.chess.com/game/live/173089891668
2026-08-16,rapid,French Defense Advance Paulsen Attack,52,white,middlegame,True,53.2,Kf3,Kd3,8/2r5/7R/2Np1kp1/3P4/4K1PP/2n2P2/8 w - - 11 52,https://www.chess.com/game/live/173089891668
2026-08-16,rapid,Caro Kann Defense,8,white,opening,False,20.6,b3,a4,r3k1nr/pp1nppbp/1qp1b1p1/3pP3/3P4/P4Q1P/1PP1NPP1/RNB1KB1R w KQkq - 3 8,https://www.chess.com/game/live/173087570704
2026-08-16,rapid,Caro Kann Defense,16,white,middlegame,True,36.0,N1c3,Bxe5,r4rk1/pp1npp1p/2q1b1pn/1N1pb3/P2B4/1P1Q3P/2P1BPP1/RN2K2R w KQ - 6 16,https://www.chess.com/game/live/173087570704
2026-08-16,rapid,Caro Kann Defense,17,white,middlegame,True,28.4,Na3,Bxe5,r4rk1/1p1npp1p/p1q1b1pn/1N1pb3/P2B4/1PNQ3P/2P1BPP1/R3K2R w KQ - 0 17,https://www.chess.com/game/live/173087570704
2026-08-16,rapid,French Defense Normal Variation,8,black,opening,False,22.2,d5,dxe5,rnb1kbnr/1pp2pp1/p2pp2p/4P2q/3P4/2NB1N2/PPPB1PPP/R2QK2R b KQkq - 2 8,https://www.chess.com/game/live/173085690772
2026-08-16,rapid,French Defense Normal Variation,13,black,middlegame,True,20.2,Qh5,f5,r3k1nr/1ppbbpp1/p1n1p1qp/3pP3/3P4/P1NB1N2/1PPB1PPP/R2QR1K1 b kq - 2 13,https://www.chess.com/game/live/173085690772
2026-08-16,rapid,French Defense Normal Variation,16,black,middlegame,True,58.9,O-O-O,Qxd1,r3k1nr/1ppb2p1/p1n1pb1p/3p3q/3P4/P1NBR3/1PPB1PPP/R2QN1K1 b kq - 1 16,https://www.chess.com/game/live/173085690772
2026-08-16,rapid,Birds Opening,21,black,middlegame,True,26.1,Re8,Ng6,r1b2rk1/pp2npp1/2p4p/3p1q2/3B1P2/P2R2P1/2P2QBP/4R1K1 b - - 5 21,https://www.chess.com/game/live/173085337102
2026-08-16,rapid,Birds Opening,22,black,middlegame,True,28.5,Qg4,Qd7,r1b1r1k1/pp2npp1/2p4p/3pRq2/3B1P2/P2R2P1/2P2QBP/6K1 b - - 7 22,https://www.chess.com/game/live/173085337102
2026-08-16,rapid,Birds Opening,23,black,middlegame,True,20.6,Qg6,Qd7,r1b1r1k1/pp2npp1/2p4p/3pR3/3B1Pq1/P2R1BP1/2P2Q1P/6K1 b - - 9 23,https://www.chess.com/game/live/173085337102
2026-08-16,rapid,Birds Opening,25,black,middlegame,True,29.7,Qd6,Qxd4,r1b1r1k1/pp2npp1/2p2q1p/3p2RB/3B1P2/P2R2P1/2P2Q1P/6K1 b - - 13 25,https://www.chess.com/game/live/173085337102
2026-08-16,rapid,Birds Opening,27,black,middlegame,True,47.0,Qd8,Qxg4,r1b1r1k1/pp1qnpp1/2p4p/3pB1R1/5PB1/P2R2P1/2P2Q1P/6K1 b - - 17 27,https://www.chess.com/game/live/173085337102
2026-08-16,rapid,Birds Opening,33,black,middlegame,False,80.5,Kxg7,fxg6,2rqr3/pp3pBk/2p3Pp/3p4/8/P2R2P1/2P2Q1P/6K1 b - - 0 33,https://www.chess.com/game/live/173085337102
2026-08-16,rapid,Kings Pawn Opening,7,white,opening,False,21.0,b4,d3,r1bq1rk1/pppp1pbp/2n2np1/4p3/2B1P3/2P2Q1P/PP1P1PP1/RNB1K1NR w KQ - 1 7,https://www.chess.com/game/live/173079589518
2026-08-15,rapid,Kings Pawn Opening,31,white,middlegame,True,23.9,Nxb6,Rd1,4r2k/2nN1r1p/pp4p1/5p2/PP6/2b2P1P/6P1/1RB2RK1 w - - 2 31,https://www.chess.com/game/live/173043324024
2026-08-15,rapid,Kings Pawn Opening,39,white,middlegame,True,35.7,Bg5,Rd8+,7k/2n2rbp/p5pB/P4p2/1P6/5P1P/6P1/3R3K w - - 3 39,https://www.chess.com/game/live/173043324024
2026-08-15,rapid,Kings Pawn Opening,54,white,endgame,False,23.9,f4,Kf2,8/r5k1/p2R3p/P5p1/1P4P1/2n2PK1/8/8 w - - 10 54,https://www.chess.com/game/live/173043324024
2026-08-15,rapid,Kings Pawn Opening,28,white,middlegame,False,29.2,f3,f4,r2r2k1/6pp/p7/1p1Pp3/3n4/2N4P/R4PP1/3R2K1 w - - 5 28,https://www.chess.com/game/live/173042025200
2026-08-15,rapid,Kings Pawn Opening,47,white,endgame,True,30.1,Nd5+,Kb2,8/4k1pp/8/p6P/6P1/r1N2P2/8/1K6 w - - 1 47,https://www.chess.com/game/live/173042025200
2026-08-15,rapid,Pirc Defense,15,white,middlegame,False,25.6,Qxd5,O-O-O,r1bqr1k1/pppn1pb1/7p/3pP1p1/8/2PB1QBP/PP3PP1/R3K1NR w KQ - 2 15,https://www.chess.com/game/live/173038587878
2026-08-15,rapid,Pirc Defense,16,white,middlegame,False,41.6,Bg6,O-O-O,r1bqr1k1/pppn1p2/7p/3Qb1p1/8/2PB2BP/PP3PP1/R3K1NR w KQ - 0 16,https://www.chess.com/game/live/173038587878
2026-08-15,rapid,French Defense Normal Variation,6,black,opening,False,28.3,Be7,Qd8,rnb1kbnr/1pp2pp1/p2ppq1p/8/3PP3/3BBN2/PPP2PPP/RN1QK2R b KQkq - 1 6,https://www.chess.com/game/live/173034908174
2026-08-15,rapid,French Defense Normal Variation,19,black,middlegame,False,21.7,Be6,Nxe3,r4rk1/1pp2pp1/p6p/3nq3/6b1/P1PBB3/1P1Q1PPP/2K1R2R b - - 2 19,https://www.chess.com/game/live/173034908174
2026-08-15,rapid,French Defense Normal Variation,21,black,middlegame,False,28.6,c6,Nxe3,r4rk1/1pp2pp1/p3bq2/3n4/8/P1PBB3/1P1Q1PPP/2K1R2R b - - 2 21,https://www.chess.com/game/live/173034908174
2026-08-15,rapid,French Defense Normal Variation,22,black,middlegame,False,25.7,Qg6,Qf4,r4rk1/1p3pp1/p1p1bq2/3n4/3B4/P1PB4/1P1Q1PPP/2K1R2R b - - 1 22,https://www.chess.com/game/live/173034908174
2026-08-15,rapid,French Defense Normal Variation,26,black,middlegame,False,21.0,Qg6,Qh7,r4rk1/1p3pp1/p1p5/3nRq2/3B4/P1P4P/1P1Q1PP1/2K3R1 b - - 1 26,https://www.chess.com/game/live/173034908174
2026-08-15,rapid,French Defense Normal Variation,27,black,middlegame,False,23.1,b6,f6,r4rk1/1p3pp1/p1p3q1/3nR3/3B2P1/P1P4P/1P1Q1P2/2K3R1 b - - 0 27,https://www.chess.com/game/live/173034908174
2026-08-13,rapid,Kings Pawn Opening,11,white,opening,False,49.0,O-O,Nf4,r1b1k1r1/pp2bp1p/n1pp1n2/8/4P3/3P1B1N/PPP2PPP/RNB1K2R w KQ - 2 11,https://www.chess.com/game/live/172957717718
2026-08-13,rapid,Kings Pawn Opening Kings Knight Variation,12,black,opening,False,35.4,Bf6,Nd7,rnb1k1nr/1q2bpp1/p1pp3p/4p3/4P3/1BN2NB1/PPPQ1PPP/R3K2R b KQkq - 5 12,https://www.chess.com/game/live/172950906460
2026-08-13,rapid,Kings Pawn Opening Kings Knight Variation,7,black,opening,False,20.3,Qc6,Qh7,rnb1kbnr/ppp2pp1/3p3p/4p1B1/3Pq3/2N2N1P/PPP1BPP1/R2QK2R b KQkq - 1 7,https://www.chess.com/game/live/172915355008
2026-08-13,rapid,Kings Pawn Opening,26,white,middlegame,True,33.3,f3,f4,r1q2rk1/3bbp2/p2p2pp/2pPp2N/1pP4P/1P1P2Q1/PB3PP1/1R3RK1 w - - 1 26,https://www.chess.com/game/live/172914967654
2026-08-13,rapid,Kings Pawn Opening,34,white,middlegame,True,92.7,fxg5,Qxf7+,r2q2r1/3b1p1k/p2p3p/2pP2bQ/1pP2P2/1P1P4/PB6/1R3RK1 w - - 1 34,https://www.chess.com/game/live/172914967654
2026-08-12,rapid,Vienna Game,9,black,opening,False,20.2,Bg4,Nd7,rn2k1nr/pp2bpp1/2pp2qp/3Pp3/4P3/2N2NPb/PPP1BP1P/R1BQR1K1 b kq - 2 9,https://www.chess.com/game/live/172868894332
2026-08-12,rapid,Vienna Game,20,black,middlegame,True,46.1,Bxf3,Nge7,r4knr/5pp1/PbnN1q1p/2pQp3/1p2P1b1/5NP1/2P1BP1P/R1B1R1K1 b - - 2 20,https://www.chess.com/game/live/172868894332
2026-08-12,rapid,Queens Pawn Opening Horwitz Defense,7,black,opening,False,34.1,Nge7,g5,r1b1kbnr/1pp2pp1/p1nppq1p/8/3P1B2/2NBPN2/PPP2PPP/R2QK2R b KQkq - 2 7,https://www.chess.com/game/live/172868485264
2026-08-12,rapid,Queens Pawn Opening Horwitz Defense,13,black,middlegame,False,30.0,Bf6,e5,r1b2rk1/1pp1bpp1/p1npp2p/8/3PNB1q/P1Q1P3/1PP1BPPP/R3K2R b KQ - 6 13,https://www.chess.com/game/live/172868485264
2026-08-12,rapid,Queens Pawn Opening Horwitz Defense,14,black,middlegame,False,33.2,e5,Bd8,r1b2rk1/1pp2pp1/p1nppb1p/8/3PNB1q/P2QP3/1PP1BPPP/R3K2R b KQ - 8 14,https://www.chess.com/game/live/172868485264
2026-08-12,rapid,Pirc Defense Main Line,8,white,opening,False,29.3,Qf3,e5,r2qk2r/pppbppbp/2np1np1/8/3PP3/P1N1Q2P/1PP2PP1/R1B1KBNR w KQkq - 1 8,https://www.chess.com/game/live/172868257612
2026-08-10,rapid,Kings Pawn Opening,6,white,opening,True,40.4,d3,Qxf6,r1bqkb1r/ppppnp1p/5np1/4p3/2B1P3/2P2Q2/PP1P1PPP/RNB1K1NR w KQkq - 1 6,https://www.chess.com/game/live/172773314764
2026-08-10,rapid,Kings Pawn Opening,7,white,opening,True,30.2,exd5,Qxf6,r1bqkb1r/ppp1np1p/5np1/3pp3/2B1P3/2PP1Q2/PP3PPP/RNB1K1NR w KQkq - 0 7,https://www.chess.com/game/live/172773314764
2026-08-10,rapid,Kings Pawn Opening,27,white,middlegame,False,32.0,hxg4,Rad1,1k3r2/N1p5/1p1qp1p1/2r5/6p1/Q6P/PP3PP1/R4RK1 w - - 0 27,https://www.chess.com/game/live/172773314764
2026-08-10,rapid,Kings Pawn Opening,28,white,middlegame,False,30.7,g3,f4,1k5r/N1p5/1p1qp1p1/2r5/6P1/Q7/PP3PP1/R4RK1 w - - 1 28,https://www.chess.com/game/live/172773314764
2026-08-10,rapid,Kings Pawn Opening,30,white,middlegame,True,39.0,Kg2,Rf2,1k5r/N1p5/1p2p1p1/2r5/3q2P1/Q4PP1/PP6/R4RK1 w - - 1 30,https://www.chess.com/game/live/172773314764
2026-08-09,rapid,Kings Pawn Opening Kings Knight Variation,12,black,opening,True,60.9,dxe5,Qxf3,rn2k1nr/pp2bpp1/2pp1q1p/4P3/2BQ4/1PN2NP1/P1P2P1P/R1B2K2 b kq - 0 12,https://www.chess.com/game/live/172764203198
2026-08-09,rapid,Kings Pawn Opening Kings Knight Variation,16,black,middlegame,True,61.2,Nxe5,Qxe5,r4knr/pp2bBp1/2n2q1p/2pNN3/8/1P2Q1P1/P1P2P1P/R1B2K2 b - - 2 16,https://www.chess.com/game/live/172764203198
2026-08-09,rapid,Kings Pawn Opening Kings Knight Variation,35,black,middlegame,False,25.8,Rg6,Ng6,2r3r1/4nk2/5b1p/7Q/1B6/6P1/P1P2P1P/5K2 b - - 4 35,https://www.chess.com/game/live/172764203198
2026-08-09,rapid,Kings Pawn Opening Kings Knight Variation,41,black,middlegame,False,80.3,Rf1+,Rc1+,8/4n1k1/7p/5r2/1B1b4/6PQ/P1r4P/7K b - - 3 41,https://www.chess.com/game/live/172764203198
2026-08-09,rapid,Vienna Game,13,black,middlegame,False,24.9,Bxc3,Qg8,rnb1k2N/pp4pp/2p2n2/4p3/1bq1P3/2N1BQ2/PPP3PP/R4RK1 b q - 0 13,https://www.chess.com/game/live/172751415048
2026-08-09,rapid,Vienna Game,15,black,middlegame,False,23.3,Na6,Bg4,rnb1k2N/pp4pp/2p2n2/4p3/4P3/2q1BQ2/P1P3PP/2R2RK1 b q - 1 15,https://www.chess.com/game/live/172751415048
2026-08-09,rapid,Vienna Game,17,black,middlegame,False,22.1,Bg4,Be6,r1b1k2N/pp4pp/n1p2n2/4p1B1/4P3/5R2/P1P3PP/2R3K1 b q - 0 17,https://www.chess.com/game/live/172751415048
2026-08-09,rapid,Vienna Game,18,black,middlegame,False,53.5,O-O-O,Ke7,r3k2N/pp4pp/n1p2n2/4p1B1/4P1b1/8/P1P3PP/2R2RK1 b q - 2 18,https://www.chess.com/game/live/172751415048
2026-08-09,rapid,Kings Pawn Opening,4,white,opening,False,59.8,Qg4,Qxe5+,rnb1kb1r/pppp1ppp/5q1n/4p2Q/4P3/5N2/PPPP1PPP/RNB1KB1R w KQkq - 4 4,https://www.chess.com/game/live/172729724986
2026-08-09,rapid,Kings Pawn Opening,12,white,opening,False,36.2,Ne3,Qxc7,r1b1k1r1/p1p2ppp/5q1n/1pbP4/2N5/3P2Q1/PP1P1PPP/RNB2RK1 w q - 0 12,https://www.chess.com/game/live/172729724986
2026-08-09,rapid,Kings Pawn Opening,21,white,middlegame,False,36.2,Rxa3,d4,1k1r2r1/2p2ppp/p1Pb3n/8/8/p2PNP2/1P1P1P1P/R1B2RK1 w - - 0 21,https://www.chess.com/game/live/172729724986
2026-08-09,rapid,Kings Pawn Opening,34,white,middlegame,True,33.1,Rb1,fxg5,6r1/2p2p2/p7/3k2p1/P4PKp/2BrP2P/3P4/5R2 w - - 2 34,https://www.chess.com/game/live/172729724986
2026-08-09,rapid,Kings Pawn Opening,36,white,middlegame,True,33.2,Rb7,fxg5,6r1/2p2p2/p7/3k2p1/PR3PKp/2BrP2P/3P4/8 w - - 6 36,https://www.chess.com/game/live/172729724986
2026-08-09,rapid,Kings Pawn Opening,57,white,endgame,False,35.5,d6,Rf3,k7/P4R2/2K5/3P4/8/8/8/3r4 w - - 5 57,https://www.chess.com/game/live/172729724986
2026-08-09,rapid,Kings Pawn Opening,58,white,endgame,True,36.0,Kd5,Kd7,k7/P4R2/2KP4/8/8/8/8/2r5 w - - 1 58,https://www.chess.com/game/live/172729724986
2026-08-09,rapid,Kings Pawn Opening,60,white,endgame,True,36.0,Kf6,Kd7,k7/P4R2/3PK3/8/8/8/8/4r3 w - - 5 60,https://www.chess.com/game/live/172729724986
2026-08-09,rapid,Kings Pawn Opening,61,white,endgame,False,35.6,Kg7,Ke6,k7/P4R2/3P1K2/8/8/8/8/5r2 w - - 7 61,https://www.chess.com/game/live/172729724986
2026-08-09,rapid,Kings Pawn Opening,64,white,endgame,False,35.3,Ke7,Rd8+,k4K2/P2R4/3P4/8/8/8/8/2r5 w - - 13 64,https://www.chess.com/game/live/172729724986
2026-08-09,rapid,Kings Pawn Opening,66,white,endgame,False,37.0,Rc7,Re7,k2K4/P2R4/3P4/8/8/8/8/6r1 w - - 17 66,https://www.chess.com/game/live/172729724986
2026-08-09,rapid,Kings Pawn Opening,69,white,endgame,False,23.0,d7,Rc8+,k7/P1R5/2KP4/8/8/8/8/6r1 w - - 23 69,https://www.chess.com/game/live/172729724986
2026-08-09,rapid,Scandinavian Defense,15,white,middlegame,False,23.0,Qg4,Rh2,rnb2rk1/ppq2p1p/3p1bp1/2p3BQ/2B5/2PP3P/PP2NPn1/RN3K1R w - - 0 15,https://www.chess.com/game/live/172729111122
2026-08-08,rapid,Queens Pawn Opening Horwitz Defense,10,black,opening,True,33.0,Qf6,Qg5,rnb1kb1r/1pp2pp1/p2p2qp/3Pp2n/4P2N/2NB2B1/PPP2PPP/R2QK2R b KQkq - 6 10,https://www.chess.com/game/live/172720149118
2026-08-08,rapid,French Defense Advance Variation,16,white,middlegame,False,55.6,axb4,Nf4,r1bq1rk1/4bppp/p1n5/3NPp2/1p1P4/P4N1P/1P3PP1/R1BQ1RK1 w - - 1 16,https://www.chess.com/game/live/172715545248
2026-08-08,rapid,Kings Pawn Opening Leonardis Variation,10,black,opening,False,23.7,Ba5+,Qxb2,rn2k1nr/ppp2pp1/1b1p1q1p/8/4PB2/3P1NPP/PPP3B1/R2QK2R b KQkq - 0 10,https://www.chess.com/game/live/172714664056
2026-08-08,rapid,Kings Pawn Opening Leonardis Variation,15,black,middlegame,False,20.5,Bb6,b5,1r3rk1/ppp1npp1/2np1q1p/b7/Q3PB2/2PP1NPP/PP4B1/2KRR3 b - - 8 15,https://www.chess.com/game/live/172714664056
2026-08-08,rapid,Queens Pawn Opening Horwitz Defense,17,black,middlegame,False,27.1,Ng6,g5,rn1bk2r/1pp1npp1/p2p1q1p/3Pp3/4P1QN/4B1P1/PPPN1P1P/3RR1K1 b kq - 2 17,https://www.chess.com/game/live/172683435698
2026-08-08,rapid,Queens Pawn Opening Horwitz Defense,19,black,middlegame,False,22.9,O-O,Nd7,rn1bk2r/1pp2pp1/p2p1q1p/3Pp3/4P1QN/4B1P1/PPP2P1P/3RR1K1 b kq - 0 19,https://www.chess.com/game/live/172683435698
2026-08-08,rapid,Queens Pawn Opening Horwitz Defense,21,black,middlegame,False,22.2,c6,Kh7,rn1b1rk1/1pp2p2/p2p1q1p/3PpNpQ/4P3/4B1P1/PPP2P1P/3RR1K1 b - - 1 21,https://www.chess.com/game/live/172683435698
2026-08-08,rapid,Kings Pawn Opening Kings Knight Variation,17,black,middlegame,False,35.3,Bb7,Qxa1,r1b2rk1/4bpp1/3p1n1p/p3q3/1pP1P3/1P6/2B2PPP/RNBQR1K1 b - - 0 17,https://www.chess.com/game/live/172683120352
2026-08-08,rapid,Kings Pawn Opening Kings Knight Variation,37,black,endgame,False,37.3,e5,Rc2+,8/8/4p3/1R1p3p/3k4/1pr3P1/3K1P1P/8 b - - 7 37,https://www.chess.com/game/live/172683120352
2026-08-08,rapid,Nimzowitsch Defense,7,white,opening,False,23.3,exf6,h4,r1bqk1nr/ppp3bp/2n1p1p1/3pPp2/3P4/2P2Q1P/PP3PP1/RNB1KBNR w KQkq f6 0 7,https://www.chess.com/game/live/172680331812
2026-08-08,rapid,Nimzowitsch Defense,20,white,middlegame,False,36.2,Nf3,Nf1,1k4nr/ppp4p/6p1/8/6B1/2Pbr2P/PP1N2P1/2KR3R w - - 0 20,https://www.chess.com/game/live/172680331812
2026-08-08,rapid,Nimzowitsch Defense,26,white,middlegame,False,33.4,a3,Kc2,1k1r4/ppp4p/4R1p1/7n/3N4/2P4P/PP4P1/3K4 w - - 1 26,https://www.chess.com/game/live/172680331812
2026-08-08,rapid,Nimzowitsch Defense,58,white,endgame,False,47.5,Rc7,Rh7,8/R7/1P6/K1nk4/8/1r6/8/8 w - - 5 58,https://www.chess.com/game/live/172680331812
2026-08-07,rapid,Alekhines Defense,9,white,opening,False,35.4,Be3,cxb4,r2qkb1r/p1pp1pp1/bpn1p2p/4P3/1n1P4/1BP2Q2/PP2NPPP/RNB1K2R w KQkq - 2 9,https://www.chess.com/game/live/172678377566
2026-08-07,rapid,Alekhines Defense,34,white,middlegame,True,36.2,Qxf2,Rxf2,2k5/3p1pp1/1pp1p3/4P3/P2P3r/4QP1n/2R2q1N/7K w - - 3 34,https://www.chess.com/game/live/172678377566
2026-08-07,rapid,Alekhines Defense,66,white,endgame,True,21.6,fxe5,Nd7+,5N2/8/8/2k1pp2/2p2P2/2K5/8/8 w - - 0 66,https://www.chess.com/game/live/172678377566
2026-08-07,rapid,Kings Pawn Opening,7,white,opening,False,21.5,b4,d3,r1bq1rk1/pppp1pbp/2n2np1/4p3/2B1P3/2P2Q1P/PP1P1PP1/RNB1K1NR w KQ - 1 7,https://www.chess.com/game/live/172656636356
2026-08-07,rapid,Kings Pawn Opening,24,white,middlegame,False,83.9,Nxd4,Nd2,r3r1k1/2p1qpbp/6p1/pP6/P2p1B1n/3Q3P/4NP1R/RN1B1K2 w - - 3 24,https://www.chess.com/game/live/172656636356
2026-08-07,rapid,French Defense Normal Variation,21,black,middlegame,True,27.0,Qf5,Qxc1,2r3nr/kp3pp1/p6p/2q5/Q7/5N1P/PP3PP1/2R1R1K1 b - - 2 21,https://www.chess.com/game/live/172639192226
2026-08-07,rapid,French Defense Normal Variation,29,black,middlegame,False,53.3,Rxd4,Qc1,k1r5/1p3R2/p6p/8/3N2Q1/5P1P/Pq4PK/3r4 b - - 2 29,https://www.chess.com/game/live/172639192226
2026-08-07,rapid,French Defense Normal Variation,31,black,middlegame,True,25.0,Ka8,Qb6,8/kp3R2/p6p/2Q5/3r4/5P1P/Pq4PK/8 b - - 2 31,https://www.chess.com/game/live/172639192226
2026-08-07,rapid,French Defense Normal Variation,12,black,opening,False,38.5,Nf6,Be7,r1b1kbnr/1pp2pp1/p2p3p/8/5P2/2PBq3/PP4PP/RN1Q1R1K b kq - 1 12,https://www.chess.com/game/live/172639031686
2026-08-07,rapid,French Defense Normal Variation,13,black,middlegame,False,39.1,Bg4,Qxe1+,r1b1kb1r/1pp2pp1/p2p1n1p/8/5P2/2PBq3/PP4PP/RN1QR2K b kq - 3 13,https://www.chess.com/game/live/172639031686
2026-08-07,rapid,Kings Pawn Opening,11,white,opening,False,31.7,O-O,Qxf6,r3kb1r/1ppq1p2/p2pbnpp/n3p3/4P3/2PP1Q1P/PPB1NPP1/RNB1K2R w KQkq - 3 11,https://www.chess.com/game/live/172638641902
2026-08-07,rapid,Kings Pawn Opening,12,white,opening,False,33.3,b4,Qxf6,r3kb1r/1ppq1p2/p1npbnpp/4p3/4P3/2PP1Q1P/PPB1NPP1/RNB2RK1 w kq - 5 12,https://www.chess.com/game/live/172638641902
2026-08-07,rapid,Kings Pawn Opening,13,white,middlegame,False,31.7,Rd1,Qxf6,r3kb1r/1ppq1p2/p1n1bnpp/3pp3/1P2P3/2PP1Q1P/P1B1NPP1/RNB2RK1 w kq - 0 13,https://www.chess.com/game/live/172638641902
2026-08-07,rapid,Kings Pawn Opening,14,white,middlegame,False,30.7,a4,Qxf6,r3k2r/1ppq1p2/p1nbbnpp/3pp3/1P2P3/2PP1Q1P/P1B1NPP1/RNBR2K1 w kq - 2 14,https://www.chess.com/game/live/172638641902
2026-08-07,rapid,Kings Pawn Opening,25,white,middlegame,False,53.5,Nf3,Kh2,r4rk1/1ppq1p2/p4bpp/2P1p3/PP1nP3/B1NQ3b/3N1P2/RB1R2K1 w - - 0 25,https://www.chess.com/game/live/172638641902
2026-08-06,rapid,Kings Pawn Opening,46,white,endgame,False,26.1,Ke4,g5,8/p1p2k2/P2pb2p/1Pp4P/2P2KP1/3P1B2/8/8 w - - 4 46,https://www.chess.com/game/live/172627954480
2026-08-06,rapid,Kings Pawn Opening,54,white,endgame,True,41.7,Kb7,Kxc7,8/p1p5/P1K5/1P5p/2P3k1/8/8/8 w - - 0 54,https://www.chess.com/game/live/172627954480
2026-08-06,rapid,Vienna Game,10,black,opening,False,22.1,h6,Nb6,r1b1kb1r/pp1nqppp/2pp4/4P3/2BP1Q2/2N2N2/PPP3PP/R3K2R b KQkq - 3 10,https://www.chess.com/game/live/172593050358
2026-08-06,rapid,Vienna Game,14,black,middlegame,False,35.6,Bd7,Qf6,r1b1kb1r/pp2q1p1/1np1p2p/3pN3/3P1Q2/1BN5/PPP3PP/2KR3R b kq - 3 14,https://www.chess.com/game/live/172593050358
2026-08-05,rapid,Queens Pawn Opening Horwitz Defense,8,black,opening,True,31.1,Qg6,Qd8,r1b1kbnr/1pp2pp1/p1np1q1p/3N4/2P1P3/P4N2/1P3PPP/R1BQKB1R b KQkq - 0 8,https://www.chess.com/game/live/172545183032
2026-08-05,rapid,Queens Pawn Opening Horwitz Defense,25,black,middlegame,True,50.2,Bd7,Kc8,q2k3r/1p3pp1/p1bQ1b1p/8/1PP5/P7/3N4/R2K1R2 b - - 0 25,https://www.chess.com/game/live/172545183032
2026-08-05,rapid,Queens Pawn Opening Horwitz Defense,30,black,middlegame,False,59.7,Bf5+,Ba4+,q1k1r3/1p1b1pp1/p2Q1b1p/8/1PP5/P7/2KN4/1R3R2 b - - 10 30,https://www.chess.com/game/live/172545183032
2026-08-04,rapid,Kings Pawn Opening Kings Knight Variation,15,black,middlegame,True,36.8,Bh3,Bd6,rn3rk1/pp2bpp1/2p3qp/4Q3/2B1P1b1/2N1B3/PPP2PP1/R4RK1 b - - 0 15,https://www.chess.com/game/live/172520970382
2026-08-04,rapid,Kings Pawn Opening Kings Knight Variation,30,black,middlegame,False,50.4,f6,Bxc6,r4rk1/p1b2pp1/1pN4p/3bP3/PP3R2/2PB2P1/6P1/R6K b - - 4 30,https://www.chess.com/game/live/172520970382
2026-08-04,rapid,Kings Pawn Opening,46,white,endgame,False,36.0,Rxf7+,Rb4,5k2/1pp2r2/3p4/3P4/5RP1/6K1/8/8 w - - 0 46,https://www.chess.com/game/live/172497397062
2026-08-03,rapid,Bishops Opening,10,black,opening,True,36.7,Bxg5,Bg4,rnb1k1nr/1p2bpp1/p1pp2q1/4p1B1/2B1P3/2NP1N1P/PPPQ1P2/R3K2R b KQkq - 2 10,https://www.chess.com/game/live/172452292224
2026-08-03,rapid,Bishops Opening,11,black,opening,False,27.6,Rxh3,Be6,rnb1k1nr/1p3pp1/p1pp2q1/4p1N1/2B1P3/2NP3P/PPPQ1P2/R3K2R b KQkq - 0 11,https://www.chess.com/game/live/172452292224
2026-08-03,rapid,Kings Pawn Opening Kings Knight Variation,17,black,middlegame,False,34.1,Rfd8,Rfc8,r4rk1/p2N1ppp/3R2n1/1p6/4P3/5P2/PPP2PbP/2KR4 b - - 3 17,https://www.chess.com/game/live/172452153978
2026-08-03,rapid,Kings Pawn Opening Kings Knight Variation,18,black,middlegame,False,40.7,Nf4,Re8,r2r2k1/p2N1ppp/3R2n1/1p6/4P3/3R1P2/PPP2PbP/2K5 b - - 5 18,https://www.chess.com/game/live/172452153978
2026-08-03,rapid,Kings Pawn Opening Kings Knight Variation,24,black,middlegame,False,61.8,Nc5,Bc6,3r2k1/3P1pp1/pN2n2p/1p6/5P2/4R3/PPP2PbP/2K5 b - - 0 24,https://www.chess.com/game/live/172452153978
2026-08-03,rapid,Kings Pawn Opening,30,white,middlegame,True,41.9,Kg2,f4,4r1k1/2p2p1p/5qp1/p2Pb3/P1Q5/2P3Pn/5P2/1R2R2K w - - 0 30,https://www.chess.com/game/live/172451875094
2026-08-03,rapid,Kings Pawn Opening,31,white,middlegame,True,32.2,Rf1,Qe2,4r1k1/2p2p1p/5qp1/p2Pb3/P1Q5/2P3P1/5nK1/1R2R3 w - - 0 31,https://www.chess.com/game/live/172451875094
2026-08-03,rapid,Kings Pawn Opening,57,white,endgame,True,30.6,c7,Rb1,3r4/PR6/2P5/8/4kp2/6p1/6Kp/8 w - - 2 57,https://www.chess.com/game/live/172451875094
2026-08-03,rapid,Kings Pawn Opening,60,white,middlegame,False,47.5,a8=Q,c8=Q,8/PRPr4/8/8/4kpK1/6p1/8/7q w - - 2 60,https://www.chess.com/game/live/172451875094
2026-08-02,rapid,Kings Pawn Opening,11,black,opening,False,33.1,c6,g4,r1b1k2r/ppp1n1p1/n2p1p2/1N2p1p1/3PP3/5N1P/PPP2PP1/R3KB1R b KQkq - 0 11,https://www.chess.com/game/live/172440362632
2026-08-02,rapid,Kings Pawn Opening,24,black,middlegame,False,26.8,Rc6,Rc7,5rk1/p5p1/p2p1p2/2rnpN2/4R3/P5P1/1PP2P2/R2K4 b - - 2 24,https://www.chess.com/game/live/172440362632
2026-08-02,rapid,Kings Pawn Opening,26,black,middlegame,False,42.2,a5,Kf7,5rk1/p5p1/pnrp1p2/4pN2/2P1R3/PP4P1/5P2/R2K4 b - - 0 26,https://www.chess.com/game/live/172440362632
2026-07-30,rapid,French Defense Steinitz Attack,12,white,opening,True,26.7,a3,dxc5,r1b1k2r/pppp1ppp/8/2bnPp2/3P1P2/2P3P1/PP5P/RNB1K1NR w KQkq - 1 12,https://www.chess.com/game/live/172301949648
2026-07-30,rapid,French Defense Steinitz Attack,14,white,middlegame,True,26.8,Nbd2,c4,r1b1k2r/pppp2pp/1b3p2/3nPp2/3P1P2/P1P2NP1/1P5P/RNB1K2R w KQkq - 0 14,https://www.chess.com/game/live/172301949648
2026-07-30,rapid,French Defense Steinitz Attack,17,white,middlegame,False,20.9,Na1,Bxe3,r3k2r/ppp3pp/1b1pbp2/4Pp2/3P1P2/PNP1nNP1/1P5P/1RB1K2R w Kkq - 2 17,https://www.chess.com/game/live/172301949648
2026-07-30,rapid,French Defense Steinitz Attack,30,white,middlegame,True,24.1,Nd2,Nxb6,r6r/1pp2k2/1b1p3p/4Pp2/pPNP2pN/PbP1B1P1/7P/4R1K1 w - - 2 30,https://www.chess.com/game/live/172301949648
2026-07-30,rapid,French Defense Steinitz Attack,39,white,middlegame,False,24.6,Nb6,cxb6,r3r3/5k2/2pP1b2/1pP2p1p/pPNPbBp1/P5P1/7P/2R1N1K1 w - b6 0 39,https://www.chess.com/game/live/172301949648
2026-07-30,rapid,French Defense Steinitz Attack,43,white,middlegame,True,22.1,Bd2,Ne5+,4r3/3N1k2/r1pP4/1pP2p1p/pP2bBp1/b5P1/7P/3RNK2 w - - 0 43,https://www.chess.com/game/live/172301949648
2026-07-30,rapid,Scandinavian Defense,13,white,middlegame,True,39.7,Kh1,Nxh2,r1b1k2r/ppq2ppp/4pn2/2p3B1/2Q5/1PP2N1P/P4PPb/RN3RK1 w kq - 1 13,https://www.chess.com/game/live/172271714812
2026-07-30,rapid,Queens Pawn Opening Horwitz Defense,9,black,opening,False,28.8,Qg6,Qe7,r1b1kbnr/2p2pp1/p1nppq1p/8/1p1PNB2/3BPN2/PPP1QPPP/2KR3R b kq - 1 9,https://www.chess.com/game/live/172271504322
2026-07-30,rapid,Queens Pawn Opening Horwitz Defense,21,black,middlegame,True,22.1,Kf8,axb5,r3k2r/1bp2pq1/p5pp/1B2b3/1p6/1P2P3/P1P1QBPP/2KR3R b kq - 1 21,https://www.chess.com/game/live/172271504322
2026-07-30,rapid,Queens Pawn Opening Horwitz Defense,22,black,middlegame,False,22.7,Bc3,Bxg2,r4k1r/1bp2pq1/p5pp/4b3/1pB5/1P2P3/P1P1QBPP/2KR3R b - - 3 22,https://www.chess.com/game/live/172271504322
2026-07-30,rapid,Queens Pawn Opening Horwitz Defense,28,black,middlegame,False,28.5,Rhe8,Rhf8,r6r/2p2pk1/p1b3pp/8/1pBRP3/1P6/P1P3PP/2K2R2 b - - 2 28,https://www.chess.com/game/live/172271504322
2026-07-27,rapid,Sicilian Defense,8,white,opening,False,31.4,f4,Nf3,r1bq1r1k/pp1pbppp/2n1pn2/2p5/4P3/2PP2QP/PP2BPP1/RNB1K1NR w KQ - 5 8,https://www.chess.com/game/live/172155559048
2026-07-27,rapid,Sicilian Defense,9,white,opening,False,40.9,e5,Nf3,r1bq1rnk/pp1pbppp/2n1p3/2p5/4PP2/2PP2QP/PP2B1P1/RNB1K1NR w KQ - 1 9,https://www.chess.com/game/live/172155559048
2026-07-27,rapid,Sicilian Defense,10,white,opening,False,38.5,Bf3,Nf3,r1bq1rnk/pp2bppp/2npp3/2p1P3/5P2/2PP2QP/PP2B1P1/RNB1K1NR w KQ - 0 10,https://www.chess.com/game/live/172155559048
2026-07-27,rapid,Sicilian Defense,11,white,opening,False,27.0,Be3,h4,r2q1rnk/pp1bbppp/2npp3/2p1P3/5P2/2PP1BQP/PP4P1/RNB1K1NR w KQ - 2 11,https://www.chess.com/game/live/172155559048
2026-07-27,rapid,Nimzowitsch Larsen Attack Modern Variation,25,black,middlegame,False,55.2,cxb5,g6,r4rk1/4bpp1/1np5/pN1p1b2/1n2pP2/1P2P3/PBPPB3/1K1R2R1 b - - 0 25,https://www.chess.com/game/live/172130855332
2026-07-27,rapid,Nimzowitsch Larsen Attack Modern Variation,28,black,middlegame,True,27.0,a4,Rf7,r4rk1/4R3/1n6/pp1p1b2/1n2pP2/1P2P3/PBPPB3/1K1R4 b - - 0 28,https://www.chess.com/game/live/172130855332
2026-07-27,rapid,Nimzowitsch Larsen Attack Modern Variation,40,black,middlegame,True,54.6,Rc2,Bc2+,r1r5/4k3/5R2/1B6/4pP2/1b2P3/nB1P4/1K5R b - - 3 40,https://www.chess.com/game/live/172130855332
2026-07-26,rapid,English Opening Kings English Variation,9,black,opening,False,31.3,Bd8,Bxf5,rnb1k2r/pp2bpp1/2pp1n1p/5N2/2P1P3/2N5/PP3PPP/R1B1KB1R b KQkq - 2 9,https://www.chess.com/game/live/172085322878
2026-07-26,rapid,English Opening Kings English Variation,22,black,middlegame,True,45.7,Re5,Rb8,4r3/1B3pk1/p4n1p/5P2/8/2r5/P4PPP/1K1R3R b - - 0 22,https://www.chess.com/game/live/172085322878
2026-07-26,rapid,English Opening Kings English Variation,27,black,middlegame,False,21.5,Nh5,Nd5,8/5pk1/5n1p/1r6/8/2r2P2/P1B3PP/2KR3R b - - 6 27,https://www.chess.com/game/live/172085322878
2026-07-26,rapid,English Opening Kings English Variation,30,black,middlegame,True,24.0,Kf6,Rg5,8/5pk1/7p/1r6/6R1/2r2P2/P1B3nP/2KR4 b - - 1 30,https://www.chess.com/game/live/172085322878
2026-07-26,rapid,Kings Pawn Opening Kings Knight Variation,10,black,opening,True,26.6,Nf6,f5,r1b1kbnr/pp3ppp/2p1q3/8/4NP2/3B4/PPP3PP/R1BQK2R b KQkq - 0 10,https://www.chess.com/game/live/172080899558
2026-07-26,rapid,Kings Pawn Opening Kings Knight Variation,11,black,opening,False,47.3,Qg4,Nxe4,r1b1kb1r/pp3ppp/2p1qn2/8/4NP2/3B4/PPP1Q1PP/R1B1K2R b KQkq - 2 11,https://www.chess.com/game/live/172080899558
2026-07-26,rapid,Kings Pawn Opening,25,white,middlegame,False,41.8,Bf4,Bd1,3q2k1/r4bbn/2p2r1p/1p1p3B/p2P4/P1N3QP/1P1B1PP1/R3R1K1 w - - 5 25,https://www.chess.com/game/live/172080368730
2026-07-26,rapid,Kings Pawn Opening,31,white,middlegame,False,56.6,Nf4,Ng3,7k/4r1rn/2pq3p/1p1p3Q/p2P4/P6P/1P2NPP1/R3R1K1 w - - 1 31,https://www.chess.com/game/live/172080368730
2026-07-26,rapid,Kings Pawn Opening,45,white,endgame,False,22.9,h4,Rxb5,1R6/4r3/4Pk1p/1p3P2/p1p3P1/P2p3P/1P1K4/8 w - - 3 45,https://www.chess.com/game/live/172080368730
2026-07-25,rapid,Italian Game,6,black,opening,False,23.8,Be7,Qd8,r1b1kbnr/ppp2pp1/2np1q1p/4p3/2B1P3/2NP1N2/PPP2PPP/R1BQ1RK1 b kq - 2 6,https://www.chess.com/game/live/172068985114
2026-07-25,rapid,Italian Game,32,black,middlegame,True,25.8,g6,Qxf5,7r/2b2ppk/3R3p/q4Q2/2PpPB2/3P2P1/P4PKP/8 b - - 6 32,https://www.chess.com/game/live/172068985114
2026-07-25,rapid,Scandinavian Defense,14,white,middlegame,False,44.7,Bg5,Qe2,2kr1b1r/ppp1pp1p/2q3p1/8/3PQB2/2P5/PP3PPP/R4RK1 w - - 2 14,https://www.chess.com/game/live/172060126298
2026-07-24,rapid,Van t Kruijs Opening,23,black,middlegame,False,22.3,Nh5,Nd7,2kr4/ppp2pp1/2n2np1/6P1/2q5/2P2N1P/P2B2Q1/2K1R3 b - - 0 23,https://www.chess.com/game/live/172016750710
2026-07-24,rapid,Van t Kruijs Opening,26,black,middlegame,True,37.8,Kb8,Ne6,2kr4/ppp2pp1/2n3p1/6P1/5nQ1/2P2N1P/q2B4/3KR3 b - - 3 26,https://www.chess.com/game/live/172016750710
2026-07-24,rapid,Van t Kruijs Opening,29,black,middlegame,True,23.0,Qb6+,Rxe1,1k2r3/ppp2pp1/2n3p1/6P1/5Q2/2P2N1P/3B1K2/1q2R3 b - - 4 29,https://www.chess.com/game/live/172016750710
2026-07-24,rapid,Van t Kruijs Opening,30,black,middlegame,False,24.5,Rf8,Rxe1,1k2r3/ppp2pp1/1qn3p1/6P1/5Q2/2P2N1P/3B2K1/4R3 b - - 6 30,https://www.chess.com/game/live/172016750710
2026-07-24,rapid,Van t Kruijs Opening,32,black,middlegame,False,21.0,f6,Qb5,2k2r2/ppp2pp1/1qn3p1/6P1/4Q2P/2P2N2/3B2K1/4R3 b - - 0 32,https://www.chess.com/game/live/172016750710
2026-07-23,rapid,Kings Pawn Opening Kings Knight Variation,10,black,opening,False,27.2,b5,Qh5,r1b1k1nr/1pp1bpp1/p2p3p/4q3/2B1P3/1QP5/PP1N1PPP/R1B2RK1 b kq - 1 10,https://www.chess.com/game/live/171947666622
2026-07-23,rapid,Kings Pawn Opening Kings Knight Variation,11,black,opening,True,56.6,Qf6,bxc4,r1b1k1nr/2p1bpp1/p2p3p/1p2q3/2B1P3/1QP2N2/PP3PPP/R1B2RK1 b kq - 1 11,https://www.chess.com/game/live/171947666622
2026-07-23,rapid,Kings Pawn Opening Kings Knight Variation,46,black,endgame,True,24.5,Nb3,Ne4,3b4/1k6/3p2K1/2p2Pp1/1p4P1/8/1P1n4/R7 b - - 1 46,https://www.chess.com/game/live/171947666622
2026-07-23,rapid,Kings Pawn Opening Kings Knight Variation,47,black,endgame,False,24.3,Nd4,c4,3b4/1k6/3p2K1/2p2Pp1/1p4P1/1n6/1P6/4R3 b - - 3 47,https://www.chess.com/game/live/171947666622
2026-07-23,rapid,Kings Pawn Opening Kings Knight Variation,48,black,endgame,True,25.6,Nf3,Bxf6,3b4/1k6/3p1PK1/2p3p1/1p1n2P1/8/1P6/4R3 b - - 0 48,https://www.chess.com/game/live/171947666622
2026-07-23,rapid,Kings Pawn Opening Kings Knight Variation,49,black,endgame,False,45.2,Kc6,Ne5+,3b4/1k6/3pRPK1/2p3p1/1p4P1/5n2/1P6/8 b - - 2 49,https://www.chess.com/game/live/171947666622
2026-07-22,rapid,Kings Pawn Opening,14,white,middlegame,False,26.5,b5,f3,2kr1bnr/ppp1q3/2np1p2/P3p3/1PB1P1bp/2PQ4/3PNPP1/RNB2RK1 w - - 0 14,https://www.chess.com/game/live/171898708930
2026-07-22,rapid,Kings Pawn Opening,19,white,middlegame,False,28.5,Bb2,f3,1nkr1bnr/p1p1q3/Pp1p1p2/1P1Qp3/2B1P1b1/2P3Pp/3PNP1K/RNB2R2 w - - 2 19,https://www.chess.com/game/live/171898708930
2026-07-22,rapid,Kings Pawn Opening,22,white,middlegame,False,24.2,Qf3,Qb7+,1nkr1b1r/p1p1q3/Pp1p1n2/1P1QpP2/8/2P3Pp/1B1PBP1K/RN3R2 w - - 1 22,https://www.chess.com/game/live/171898708930
2026-07-20,rapid,Queens Pawn Opening Horwitz Defense,12,black,opening,True,31.7,g4,dxe5,2kr1bnr/1ppb1p2/p1npq2p/4P1p1/4N3/3BPNB1/PPP2PPP/R2Q1RK1 b - - 0 12,https://www.chess.com/game/live/171808766850
2026-07-20,rapid,Queens Pawn Opening Horwitz Defense,15,black,middlegame,False,22.8,e4,Nge7,2kr1bnr/1ppb4/p1n1q2p/4pp2/6pN/1PNBP1B1/P1P2PPP/R2Q1RK1 b - - 1 15,https://www.chess.com/game/live/171808766850
2026-07-20,rapid,Queens Pawn Opening Horwitz Defense,19,black,middlegame,False,31.6,Na5,b5,N1kr2nr/1p1bb1q1/p1n4p/5p2/2B1p1pN/1P2P1B1/P1P2PPP/R2Q1RK1 b - - 2 19,https://www.chess.com/game/live/171808766850
2026-07-19,rapid,Kings Pawn Opening,21,white,middlegame,True,31.1,Rae1,Qxa8+,r5k1/2p1qpbp/p2p2p1/1p6/8/2P2Q1P/P4PP1/R4RK1 w - - 0 21,https://www.chess.com/game/live/171799324188
2026-07-19,rapid,French Defense Normal Variation,9,black,opening,False,29.4,Qg6,Qd8,r1b1k1nr/1pp2pp1/p1nbpq1p/4N3/3PNB2/8/PPPQ1PPP/R3KB1R b KQkq - 2 9,https://www.chess.com/game/live/171790568260
2026-07-19,rapid,French Defense Normal Variation,18,black,middlegame,True,29.2,Qf7,f4,r1b2rk1/6p1/2p1p2p/p2n1p1q/P1BP4/2P3B1/1P1Q1PPP/R4RK1 b - - 1 18,https://www.chess.com/game/live/171790568260
2026-07-19,rapid,Sicilian Defense,12,white,opening,False,23.9,Nc3,d4,r1b1k1nr/p2q1pbp/1p2p1p1/1Np1n1N1/8/1Q5P/PPPP1PP1/R1B1KB1R w KQkq - 0 12,https://www.chess.com/game/live/171785833616
2026-07-16,rapid,Queens Pawn Opening Horwitz Defense,7,black,opening,False,23.6,Na5,Nb8,r1b1kbnr/ppp2pp1/2np1q1p/3Pp3/2P5/4PNP1/PP3PBP/RNBQK2R b KQkq - 0 7,https://www.chess.com/game/live/171671122480
2026-07-15,rapid,Kings Pawn Opening,10,white,opening,False,20.7,Bg5,Nd2,r2qr1k1/ppp1bp1p/2npbnpB/4p3/4P3/2PP2QP/PP2BPP1/RN2K1NR w KQ - 2 10,https://www.chess.com/game/live/171587685658
2026-07-15,rapid,Kings Pawn Opening,27,white,middlegame,False,43.9,Ke2,Kf2,r3r3/p1p3kp/5pp1/8/3N4/4n2P/P2B2P1/R3K2R w KQ - 0 27,https://www.chess.com/game/live/171587685658
2026-07-15,rapid,Kings Pawn Opening,29,white,middlegame,False,26.0,Bc3,Rc1,r3r3/p1p3kp/5pp1/8/3N4/3K3P/P2B2P1/n6R w - - 0 29,https://www.chess.com/game/live/171587685658
2026-07-15,rapid,Kings Pawn Opening,30,white,middlegame,True,33.9,Rxa1,Kc4,r2r4/p1p3kp/5pp1/8/3N4/2BK3P/P5P1/n6R w - - 2 30,https://www.chess.com/game/live/171587685658
2026-07-15,rapid,Kings Pawn Opening Leonardis Variation,28,black,middlegame,False,22.6,Nxd3,Rae8,r4rk1/5pp1/3p1b1p/p1p1n2B/PpP5/1P1PB2P/6P1/4RRK1 b - - 1 28,https://www.chess.com/game/live/171587325616
2026-07-15,rapid,Kings Pawn Opening Leonardis Variation,36,black,middlegame,False,39.2,Nxb3,Re8,r6k/6p1/8/p1pB4/PpPn4/1P5P/6P1/5RK1 b - - 2 36,https://www.chess.com/game/live/171587325616
2026-07-14,rapid,Kings Pawn Opening Kings Knight Variation,10,black,opening,True,21.8,Be7,Bg4,r1b1kb1r/pp3pp1/2pp1n1p/4q3/2B1P3/2N2Q2/PPP2PPP/R1BR2K1 b kq - 3 10,https://www.chess.com/game/live/171542501214
2026-07-14,rapid,Sicilian Defense,26,white,middlegame,False,20.6,Rb5,Kf1,6k1/3b1p1p/6p1/2r5/1RP5/7P/4BPP1/6K1 w - - 1 26,https://www.chess.com/game/live/171542228006
2026-07-14,rapid,French Defense Normal Variation,11,black,opening,False,28.1,c6,Nf6,r1bqkbnr/1pp2pp1/p6p/3Np3/4P3/P2BB3/1PP2PPP/R2Q1RK1 b kq - 1 11,https://www.chess.com/game/live/171542126472
2026-07-14,rapid,Scotch Game,14,black,middlegame,True,24.4,Ke5,Ke7,r1b3nr/ppp4p/2np1kp1/8/2B1PR2/2P5/PP4PP/RN4K1 b - - 0 14,https://www.chess.com/game/live/171541926094
2026-07-14,rapid,Scotch Game,15,black,middlegame,False,31.2,Nce7,Rb8,r1b2Rnr/ppp4p/2np2p1/4k3/2B1P3/2P5/PP4PP/RN4K1 b - - 2 15,https://www.chess.com/game/live/171541926094
2026-07-14,rapid,Scotch Game,16,black,middlegame,False,21.2,a6,d5,r1b2Rnr/ppp1n2p/3p2p1/4k3/2B1P3/2P5/PP1N2PP/R5K1 b - - 4 16,https://www.chess.com/game/live/171541926094
2026-07-14,rapid,Scotch Game,17,black,middlegame,False,21.3,b5,d5,r1b2Rnr/1pp1n2p/p2p2p1/4k3/2B1P3/2P5/PP1N2PP/4R1K1 b - - 1 17,https://www.chess.com/game/live/171541926094
2026-07-12,rapid,Kings Pawn Opening Kings Knight Variation,11,black,opening,False,66.8,Kd7,Be6,r1b1kbnr/ppp2pp1/2nP4/6pq/8/2NB1N2/PP3PPP/R2QR1K1 b kq - 0 11,https://www.chess.com/game/live/171489867728
2026-07-12,rapid,Kings Pawn Opening Kings Knight Variation,16,black,middlegame,True,40.6,Nxe7,Bxe7,rkb1Rb1r/pp2Npp1/2n5/5Bpq/8/5N2/PP3PPP/R2Q2K1 b - - 0 16,https://www.chess.com/game/live/171489867728
2026-07-11,rapid,Caro Kann Defense,14,white,middlegame,False,27.8,h4,Bd2,r4rk1/pp1n1ppp/2bb2q1/3pp1B1/3P2Q1/2P4P/PP2NPP1/RN3RK1 w - - 8 14,https://www.chess.com/game/live/171442263456
2026-07-11,rapid,Caro Kann Defense,30,white,middlegame,False,24.6,Nxc4,g4,3qr1k1/5r1p/Rpb5/5p2/2pPpR2/4Q1P1/1P1N2P1/6K1 w - - 0 30,https://www.chess.com/game/live/171442263456
2026-07-11,rapid,Bishops Opening,19,black,middlegame,False,25.6,Bxe4+,Bc7,rn1b1rk1/p3nNp1/2b4p/2p5/2B1P3/P5PP/1qP1NPK1/R2Q1R2 b - - 0 19,https://www.chess.com/game/live/171441822394
2026-07-11,rapid,Sicilian Defense,11,white,opening,False,23.2,c4,Qd1,r2q1rk1/pb1p1pbp/1pn1pnp1/8/1P2P3/2PP1Q1P/3B1PP1/RN2KBNR w KQ - 0 11,https://www.chess.com/game/live/171407060728
2026-07-11,rapid,Sicilian Defense,21,white,middlegame,True,92.3,Qh8+,Bh6+,r3rk2/pb1qnp1Q/1p4p1/1P4B1/6P1/3p4/4BPP1/bN2K1NR w K - 1 21,https://www.chess.com/game/live/171407060728
2026-07-11,rapid,Kings Pawn Opening Kings Knight Variation,14,black,middlegame,False,22.0,Qh7,Qh5,r3k2r/1p1nbpp1/3p1nqp/4p3/P2PP2N/8/2P2PPP/R1BQR1K1 b kq - 2 14,https://www.chess.com/game/live/171406914904
2026-07-11,rapid,Polish Opening Bugayev Attack,13,black,middlegame,False,24.1,Qh4,h5,2kr2nr/1p1nbpp1/p1p1bq1p/4p3/1P3PP1/P1BP3P/3NP1B1/RN1Q1RK1 b - - 0 13,https://www.chess.com/game/live/171406696922
2026-07-11,rapid,French Defense Advance Nimzowitsch System,12,white,opening,True,28.4,Be2,Nf3,rnb2rk1/1p2q1pp/p3p3/3p4/2pPn3/P1P4P/1P3PPN/RN1QKB1R w KQ - 2 12,https://www.chess.com/game/live/171404471348
2026-07-08,rapid,Polish Opening,8,black,opening,False,21.9,Qc6,Qf5,rn2kbnr/ppp2ppp/3p4/8/1P1Bq1b1/2N2N2/P1P1BPPP/R2QK2R b KQkq - 3 8,https://www.chess.com/game/live/171269179438
2026-07-08,rapid,Polish Opening,13,black,middlegame,True,20.1,Bg6,Bxe2,rn2kb1r/2p1nppp/p1qp4/1p4Nb/1P1B4/2N4P/P1P1BPP1/1R1QR1K1 b kq - 3 13,https://www.chess.com/game/live/171269179438
2026-07-08,rapid,Polish Opening,28,black,middlegame,True,30.0,Nb3,Nxe5,3k1r2/3n1pp1/p3b2p/np1NN3/6P1/P6P/3R1P2/4R1K1 b - - 2 28,https://www.chess.com/game/live/171269179438
2026-07-08,rapid,Polish Opening,39,black,middlegame,False,25.6,Nc3,Rxf2+,8/2k2rp1/7p/pp1R4/4n1P1/P6P/5PK1/3R4 b - - 9 39,https://www.chess.com/game/live/171269179438
2026-07-08,rapid,Polish Opening,69,black,middlegame,True,47.5,Re7,Kxg8,6R1/5kP1/8/8/4r3/6RK/8/8 b - - 2 69,https://www.chess.com/game/live/171269179438
2026-07-06,rapid,Kings Pawn Opening,21,white,middlegame,False,29.4,d4,Qxh8+,1r2k2r/p2q1p2/b2pnQ2/4p2p/2p1P3/2PP3P/P1B1N1P1/2R1K2R w Kk - 0 21,https://www.chess.com/game/live/171208877948
2026-07-06,rapid,Kings Pawn Opening,29,white,middlegame,False,22.0,Qa5,Rf1,2b1k1r1/Q4p2/3p4/7p/P1p1P3/2P3q1/1rB1R1P1/2R3K1 w - - 1 29,https://www.chess.com/game/live/171208877948
2026-07-06,rapid,Kings Pawn Opening,32,white,middlegame,False,30.5,Qf2,Rf1,6r1/Q4p2/3pk3/7p/P1p1P3/2P3qb/1rB1R1P1/2R3K1 w - - 7 32,https://www.chess.com/game/live/171208877948
2026-07-06,rapid,Kings Pawn Opening Kings Knight Variation,28,black,middlegame,False,23.6,a5,Be6,2rr2k1/p2b1pp1/2pR3p/1p6/4P1P1/P1P4P/1KP3B1/6R1 b - - 2 28,https://www.chess.com/game/live/171195645596
2026-07-06,rapid,Kings Pawn Opening Kings Knight Variation,29,black,middlegame,True,28.1,f6,Be6+,2rr2k1/3b1pp1/2pR3p/pp6/4P1P1/PKP4P/2P3B1/6R1 b - - 1 29,https://www.chess.com/game/live/171195645596
2026-07-06,rapid,Kings Pawn Opening Kings Knight Variation,31,black,middlegame,True,30.6,c5,Be6+,2rr4/3b1kp1/2pR1p1p/pp6/4P1PP/PKP5/2P5/6RB b - - 0 31,https://www.chess.com/game/live/171195645596
2026-07-06,rapid,Kings Pawn Opening Kings Knight Variation,44,black,middlegame,True,27.7,f4,Rb8,2r5/8/4b3/1Bp1Ppk1/p7/P1P5/1KP5/5R2 b - - 0 44,https://www.chess.com/game/live/171195645596
2026-07-06,rapid,Kings Pawn Opening Kings Knight Variation,53,black,endgame,False,35.3,Ra2,Rb5,8/8/8/5k2/p1p2p2/P1P2R2/1rP5/2K5 b - - 3 53,https://www.chess.com/game/live/171195645596
2026-07-06,rapid,Kings Pawn Opening Kings Knight Variation,54,black,endgame,False,53.8,Rxa3,Kg4,8/8/8/5k2/p1p2p2/P1P4R/r1P5/2K5 b - - 5 54,https://www.chess.com/game/live/171195645596
2026-07-06,rapid,Kings Pawn Opening Kings Knight Variation,60,black,endgame,False,40.1,Kf2,Kd2,8/8/8/8/2p5/KpP1kp2/8/4R3 b - - 3 60,https://www.chess.com/game/live/171195645596
2026-07-06,rapid,Kings Pawn Opening Kings Knight Variation,15,black,middlegame,False,69.7,Qxe5,Qxc2,rnb2rk1/pp3pp1/1n5p/4P3/8/6Q1/PqPB1PPP/R4RK1 b - - 3 15,https://www.chess.com/game/live/171179547966
2026-07-06,rapid,Pirc Defense,11,white,opening,False,28.8,dxc5,Be3,r2qk2r/1b1nbpp1/pp1ppn1p/2p5/P2PP3/2PB1Q1P/1P2NPP1/RNB2RK1 w kq - 0 11,https://www.chess.com/game/live/171179324738
2026-07-06,rapid,Pirc Defense,37,white,middlegame,True,35.4,Bd4,Bc5,2r3r1/3Nkp2/pB1Rp3/P3R3/1P3b2/2P2pP1/4bP2/6K1 w - - 7 37,https://www.chess.com/game/live/171179324738
2026-07-06,rapid,Pirc Defense,39,white,middlegame,False,21.4,Bf4,Nb6,2r5/3Nkp2/p2Rp3/P3B1r1/1P6/2P2pP1/4bP2/6K1 w - - 1 39,https://www.chess.com/game/live/171179324738
2026-07-05,rapid,Vienna Game,11,black,opening,False,33.9,Bd7,Na6,rnb1k1nr/4bpp1/3p2qp/pN2p3/4P1P1/3P3P/PPP2P1N/R1BQ1RK1 b kq - 0 11,https://www.chess.com/game/live/171152108464
2026-07-04,rapid,Kings Pawn Opening Kings Knight Variation,15,black,middlegame,False,22.2,Bg5,Nf5,rn3rk1/pp2npp1/2pQ1bqp/4P3/2B5/2N1B1P1/PPP2P1P/R4K2 b - - 0 15,https://www.chess.com/game/live/171123879818
2026-07-04,rapid,Kings Pawn Opening Kings Knight Variation,20,black,middlegame,True,66.1,Kh7,Rf8,rn1Q2k1/pp3rp1/2p4p/3n1q2/2B2P2/2N3P1/PPP4P/R4K2 b - - 2 20,https://www.chess.com/game/live/171123879818
2026-07-04,rapid,Kings Pawn Opening Kings Knight Variation,40,black,middlegame,False,26.0,Rh3,Re6+,5k2/R7/2p3K1/3r3P/N2n1P2/1P2r3/P6P/8 b - - 6 40,https://www.chess.com/game/live/171123879818
2026-07-04,rapid,Kings Pawn Opening Kings Knight Variation,41,black,middlegame,False,83.3,Rhxh5,Rf5+,5k2/R7/2p2K2/3r3P/N2n1P2/1P5r/P6P/8 b - - 8 41,https://www.chess.com/game/live/171123879818
2026-07-03,rapid,Kings Pawn Opening,14,white,middlegame,True,42.1,Bxd3,bxc4,r2qk2r/2p2p1p/p1n2np1/1pb1p3/2b1P3/1PPp1Q1P/P1BPNPP1/RNB2RK1 w kq - 0 14,https://www.chess.com/game/live/171045403388
2026-07-03,rapid,Kings Pawn Opening,34,white,middlegame,False,33.1,Rxh4,Nf4,1r3r1k/1b2q1b1/1p1p1p1p/pBp5/P1P1P1Pp/1P1P1Q2/4N2R/1R4K1 w - - 0 34,https://www.chess.com/game/live/171045057702
2026-07-03,rapid,Kings Pawn Opening,48,white,middlegame,False,22.4,Bxd7+,Ng7+,1r6/3b4/1p1pkqQ1/pBp1bN2/P1P1P3/1P1P4/8/5RK1 w - - 10 48,https://www.chess.com/game/live/171045057702
2026-07-02,rapid,Kings Pawn Opening,13,white,middlegame,False,23.6,exf5,e5,2krr3/ppp3bp/2p1b1pn/5p2/3PP3/1PP1B2P/P3BPP1/RN2K2R w KQ - 0 13,https://www.chess.com/game/live/171000314614
2026-07-02,rapid,Kings Pawn Opening Kings Knight Variation,25,black,middlegame,True,22.6,c4,e4,r2n1rk1/6p1/5bpp/1pp1p3/8/pPPN1N2/P4PPP/R4RK1 b - - 1 25,https://www.chess.com/game/live/170999544024
2026-07-02,rapid,Kings Pawn Opening Kings Knight Variation,26,black,middlegame,False,22.3,g5,cxb3,r2n1rk1/6p1/5bpp/1p2N3/2p5/pPP2N2/P4PPP/R4RK1 b - - 0 26,https://www.chess.com/game/live/170999544024
2026-07-02,rapid,Kings Pawn Opening Kings Knight Variation,34,black,middlegame,False,31.6,Bb2,Nxc2,1r3rk1/6p1/7p/6p1/2Nn4/p1bN4/P1R2PPP/5RK1 b - - 11 34,https://www.chess.com/game/live/170999544024
2026-07-02,rapid,Kings Pawn Opening Kings Knight Variation,44,black,middlegame,False,30.5,Rxa2,Bc5,5r2/4N1pk/7p/6p1/r2b4/3R1P2/P5PP/5R1K b - - 0 44,https://www.chess.com/game/live/170999544024
2026-07-02,rapid,Kings Pawn Opening Kings Knight Variation,60,black,middlegame,True,71.5,g4,Rxg1+,8/1N6/8/3R2pp/8/4kP2/2r3PP/2r3RK b - - 7 60,https://www.chess.com/game/live/170999544024
2026-07-02,rapid,Kings Pawn Opening Kings Knight Variation,61,black,middlegame,True,81.5,hxg4,Rxg1+,8/1N6/8/3R3p/6P1/4k3/2r3PP/2r3RK b - - 0 61,https://www.chess.com/game/live/170999544024
2026-07-02,rapid,Kings Pawn Opening,24,white,middlegame,False,24.2,cxd5,Nc5,7r/kp1r1pb1/p3qnpp/P2pp3/1PP5/1N1P1Q1P/4NPP1/R4RK1 w - - 0 24,https://www.chess.com/game/live/170999383918
2026-07-01,rapid,Kings Pawn Opening Kings Knight Variation,13,black,middlegame,False,20.1,dxe5,Bxf3+,rn2k1nr/4bpp1/2pp1q1p/pp2P3/2B1P1b1/2N1BNP1/PPP2PK1/R2QR3 b kq - 0 13,https://www.chess.com/game/live/170985294960
2026-07-01,rapid,Kings Pawn Opening Kings Knight Variation,57,black,middlegame,False,95.1,h3,Ra7+,8/5Kpk/5p2/r7/5R1p/6r1/8/6b1 b - - 3 57,https://www.chess.com/game/live/170985294960
2026-07-01,rapid,Bishops Opening,16,black,middlegame,False,31.1,Qe6,Qh7,rnb1k1nr/pp2bpp1/2p3qp/3p3B/P2Pp3/4B1NP/1PPN1PP1/R2Q1RK1 b kq - 2 16,https://www.chess.com/game/live/170955397610
2026-07-01,rapid,Bishops Opening,45,black,middlegame,False,65.8,Kf8,Kh7,1r6/1b1r1pk1/5Qp1/pq2P2p/7P/1P6/6P1/3RR2K b - - 1 45,https://www.chess.com/game/live/170955397610
2026-07-01,rapid,Bishops Opening,48,black,middlegame,True,57.8,Qc6,Qh3+,1Q6/1b1qkp2/6p1/p3P2p/7P/1P6/6P1/4R2K b - - 0 48,https://www.chess.com/game/live/170955397610
2026-07-01,rapid,Bishops Opening,52,black,endgame,False,34.0,Kf8,Bd5,8/1b2kp2/6p1/p6p/7P/1P6/6P1/2R4K b - - 3 52,https://www.chess.com/game/live/170955397610
2026-07-01,rapid,Kings Pawn Opening,22,white,middlegame,True,34.8,Nxh3,Nxd3,2kr3r/ppp2p2/2n5/4b1p1/4PN1p/2Pq3b/P4PP1/RNQB1RK1 w - - 0 22,https://www.chess.com/game/live/170954847100
2026-07-01,rapid,Kings Pawn Opening,26,white,middlegame,False,36.0,Qd2,Nd2,1k4rr/ppp2p2/2n5/4b3/2q1P2p/2P2B1N/P4PP1/RN1Q1RK1 w - - 5 26,https://www.chess.com/game/live/170954847100
2026-07-01,rapid,Kings Pawn Opening,27,white,middlegame,True,51.1,Nf4,Kh1,1k4rr/ppp2p2/2n1q3/4b3/4P2p/2P2B1N/P2Q1PP1/RN3RK1 w - - 7 27,https://www.chess.com/game/live/170954847100
2026-06-30,rapid,Bishops Opening,7,black,opening,True,42.0,Be7,Qxf3,rnb1kbnr/pp3pp1/2pp1q1p/4p3/2B1P3/2NPBQ1N/PPP2PPP/R3K2R b KQkq - 1 7,https://www.chess.com/game/live/170911302434
2026-06-30,rapid,Bishops Opening,16,black,middlegame,False,32.1,Ng6,Kh7,r4rk1/4bpp1/2pp1n1p/pp2n3/4P3/P1NPB2P/BPP2K1P/R5R1 b - - 1 16,https://www.chess.com/game/live/170911302434
2026-06-30,rapid,Bishops Opening,22,black,middlegame,False,38.3,g5,Nh5,5rk1/4b1p1/3p1npp/2p5/1p2PN2/3PB2P/RPP2K1P/8 b - - 1 22,https://www.chess.com/game/live/170911302434
2026-06-30,rapid,Bishops Opening,31,black,middlegame,False,20.1,Re7,Re2+,6R1/6p1/3pr1kp/6p1/1p1B4/1Pn4P/2P3KP/8 b - - 2 31,https://www.chess.com/game/live/170911302434
2026-06-30,rapid,Kings Pawn Opening Leonardis Variation,15,white,middlegame,False,42.3,Bg5,Ng3,r3k1r1/ppp1qp2/2nb1n1B/4p3/4P3/2P2Q2/PP1NNPP1/R3K2R w KQq - 1 15,https://www.chess.com/game/live/170908437468
2026-06-30,rapid,Kings Pawn Opening Leonardis Variation,23,white,middlegame,False,20.2,Qe3,f3,1k4r1/ppp1qp2/2nb1n2/4p3/4Pr2/2P4Q/PP1NNPP1/1K1R2R1 w - - 14 23,https://www.chess.com/game/live/170908437468
2026-06-30,rapid,Kings Pawn Opening Leonardis Variation,32,white,middlegame,False,21.7,Qf1,cxb4,1k6/ppp2p2/2n2n2/2q1p3/1bN1P3/2P3P1/PPK1Q3/3R4 w - - 2 32,https://www.chess.com/game/live/170908437468
2026-06-30,rapid,Kings Pawn Opening Leonardis Variation,37,white,middlegame,False,21.3,b3,a3,1k6/1pp2Q2/p7/2q1p3/1bN1n3/6P1/PPK5/3R4 w - - 2 37,https://www.chess.com/game/live/170908437468
2026-06-30,rapid,Kings Pawn Opening Leonardis Variation,38,white,middlegame,False,40.4,Re1,Rd5,1k6/2p2Q2/p7/1pq1p3/1bN1n3/1P4P1/P1K5/3R4 w - - 0 38,https://www.chess.com/game/live/170908437468
2026-06-29,rapid,Van t Kruijs Opening,18,black,middlegame,True,28.6,O-O,Ra8,1r2k2r/2q1nppp/2n5/N7/Q3p3/4P3/3P1PPP/R3K1NR b KQk - 0 18,https://www.chess.com/game/live/170863153096
2026-06-29,rapid,Van t Kruijs Opening,20,black,middlegame,False,23.8,h6,Nb4,1r3rk1/2q2ppp/2n5/8/4Q3/4P3/3P1PPP/R3K1NR b KQ - 0 20,https://www.chess.com/game/live/170863153096
2026-06-29,rapid,Van t Kruijs Opening,23,black,middlegame,False,32.1,Qb7,Nd3+,1r2r1k1/2q2pp1/7p/4n3/8/4P2Q/3PNPPP/R3K2R b KQ - 5 23,https://www.chess.com/game/live/170863153096
2026-06-29,rapid,Van t Kruijs Opening,30,black,middlegame,True,47.9,Re8,Rxd5,1r1r2k1/1q3p2/6p1/3N3p/4n3/4PQ2/5PPP/R2R2K1 b - - 3 30,https://www.chess.com/game/live/170863153096
2026-06-29,rapid,Van t Kruijs Opening,47,black,middlegame,True,23.5,Qe6,Kf8,8/3qkp2/6p1/4Q2p/7P/4P1P1/5P2/6K1 b - - 3 47,https://www.chess.com/game/live/170863153096
2026-06-29,rapid,Van t Kruijs Opening,51,black,middlegame,False,30.2,Qf6,Kh7,8/6k1/4q1p1/5p1p/3Q3P/4P1P1/5P2/6K1 b - - 1 51,https://www.chess.com/game/live/170863153096
2026-06-28,rapid,Kings Pawn Opening Kings Knight Variation,15,black,middlegame,False,24.4,Bg5,Ne7,r3k1nr/1ppn1pp1/p2p1b1p/3Pp2q/4P3/4BNR1/PPPQBP1P/2KR4 b kq - 7 15,https://www.chess.com/game/live/170850841688
2026-06-28,rapid,Kings Pawn Opening Kings Knight Variation,16,black,middlegame,True,38.1,Qxh2,Bxe3,r3k1nr/1ppn1pp1/p2p3p/3PN1bq/4P3/4B1R1/PPPQBP1P/2KR4 b kq - 0 16,https://www.chess.com/game/live/170850841688
2026-06-28,rapid,Kings Pawn Opening Kings Knight Variation,32,black,middlegame,False,23.4,Rc8,Rg8,7r/1pp2p2/3p2k1/1r1P2qp/p3R3/P1Q5/1PP2P2/1K2R3 b - - 3 32,https://www.chess.com/game/live/170850841688
2026-06-28,rapid,Kings Pawn Opening Kings Knight Variation,34,black,middlegame,True,29.8,Qf5,Qc5,2r5/1pp2p2/3p2k1/1r1q3p/p2R1P2/P1Q5/1PP5/1K2R3 b - - 1 34,https://www.chess.com/game/live/170850841688
2026-06-28,rapid,Kings Pawn Opening,15,white,middlegame,False,21.5,Be3,Qe3,2kr4/pppb1pb1/3pqnp1/n3p1Br/4P2p/P1PP1Q1P/1PBNNPP1/R4RK1 w - - 2 15,https://www.chess.com/game/live/170832102396
2026-06-28,rapid,Kings Pawn Opening,13,white,middlegame,True,63.0,Qxb7,Qxc5,r2qk2r/pppb1p1p/6p1/1QbP2n1/4p3/2P4P/PP1P1PP1/RNB1K1NR w KQkq - 2 13,https://www.chess.com/game/live/170817195462
2026-06-27,rapid,Kings Pawn Opening,28,white,middlegame,False,20.1,Bc1,Ne6,r4rk1/2q1np2/2bp1npb/p1p1p1Np/1pP1P3/1P1PQ1NP/1B2BPP1/R4RK1 w - - 8 28,https://www.chess.com/game/live/170802485908
2026-06-27,rapid,Kings Pawn Opening,45,white,middlegame,False,25.6,Bd1,Bg4,5bk1/7r/2b2p2/p1p2PpB/1pPnP3/1P1P3P/5R2/1RB3K1 w - - 5 45,https://www.chess.com/game/live/170802485908
2026-06-27,rapid,Kings Pawn Opening,8,black,opening,True,33.9,b5,g6,rnb1k1nr/1p2bpp1/p1pp1q1p/4p2Q/4P3/P1NPBN2/1PP2PPP/2KR1B1R b kq - 0 8,https://www.chess.com/game/live/170801758592
2026-06-27,rapid,Kings Pawn Opening,9,black,opening,True,38.9,Nd7,g6,rnb1k1nr/4bpp1/p1pp1q1p/1p2p2Q/3PP3/P1N1BN2/1PP2PPP/2KR1B1R b kq - 0 9,https://www.chess.com/game/live/170801758592
2026-06-27,rapid,Kings Pawn Opening,11,black,opening,False,22.8,Bd8,Bg4,r1b1k1nr/4bpp1/p1pp1q1p/1p2n2Q/3BP3/P1N2N2/1PP2PPP/2KR1B1R b kq - 1 11,https://www.chess.com/game/live/170801758592
2026-06-27,rapid,Kings Pawn Opening,23,black,middlegame,False,20.3,bxc4,Bb7,r1b1r1k1/5pp1/p6p/1p3P2/2P3P1/P4P2/2P4P/1K1R1B1R b - - 0 23,https://www.chess.com/game/live/170801758592
2026-06-27,rapid,Kings Pawn Opening,5,black,opening,True,22.6,d6,c6,r1bqkbnr/pppp1pp1/7p/3Pp3/3nP3/3B4/PPP2PPP/RNBQK1NR b KQkq - 2 5,https://www.chess.com/game/live/170772172404
2026-06-27,rapid,Kings Pawn Opening,24,black,middlegame,True,36.6,Bxf5,Qxe2,r3k2r/1ppb1p2/p2p1p1p/1P1P1P2/Q7/4q3/PB1NB3/2KR4 b kq - 0 24,https://www.chess.com/game/live/170772172404
2026-06-27,rapid,Kings Pawn Opening,26,black,middlegame,True,27.3,Kd7,Kf8,r3k2r/1pp2p2/p2p1p1p/1PqP1b2/Q1B5/8/PB1N4/2K1R3 b kq - 3 26,https://www.chess.com/game/live/170772172404
2026-06-27,rapid,Kings Pawn Opening,28,black,middlegame,True,24.4,bxc6,Qxc6,r6r/1p1k1p2/P1Pp1p1p/2q2b2/Q1B5/8/PB1N4/2K1R3 b - - 0 28,https://www.chess.com/game/live/170772172404
2026-06-27,rapid,Kings Pawn Opening,29,black,middlegame,True,28.1,Qb6,Qf2,r6r/3k1p2/P1pp1p1p/2q2b2/Q1B5/1N6/PB6/2K1R3 b - - 1 29,https://www.chess.com/game/live/170772172404
2026-06-27,rapid,Kings Pawn Opening,30,black,middlegame,False,25.3,d5,Rhe8,r6r/3k1p2/Pqpp1B1p/5b2/Q1B5/1N6/P7/2K1R3 b - - 0 30,https://www.chess.com/game/live/170772172404
2026-06-27,rapid,Kings Pawn Opening,36,black,middlegame,False,25.8,Qc2+,Rhd8+,r6r/4Rp2/P1k2B1p/2N1Qb2/2p5/8/P2K4/1q6 b - - 2 36,https://www.chess.com/game/live/170772172404
2026-06-27,rapid,Kings Pawn Opening,37,black,middlegame,False,56.3,Rhd8,Rhc8,r6r/4Rp2/P1k2B1p/2N1Qb2/2p5/8/P1q5/4K3 b - - 4 37,https://www.chess.com/game/live/170772172404
2026-06-27,rapid,Kings Pawn Opening,42,black,middlegame,True,78.2,Ke6,Ke4,r2r4/2R2p2/P4B1p/2Qk1b2/2p5/8/P1q5/4K3 b - - 5 42,https://www.chess.com/game/live/170772172404
2026-06-27,rapid,French Defense Steinitz Attack,7,white,opening,False,38.0,Bd3,Nf3,rnbq1rk1/ppppb1pp/4p3/8/3Pn3/2P4P/PP3PP1/RNBQKBNR w KQ - 1 7,https://www.chess.com/game/live/170772118106
2026-06-27,rapid,French Defense Steinitz Attack,9,white,opening,True,54.9,Qe5,Bxg6,rnbq1rk1/ppppb2p/4p1p1/7Q/3P4/2PB3P/PP3nP1/RNB1K1NR w KQ - 0 9,https://www.chess.com/game/live/170772118106
2026-06-27,rapid,Kings Pawn Opening Kings Knight Variation,21,black,middlegame,True,24.5,Kf6,Kg8,rn1b1r2/1pp2pk1/p2p2n1/3PpNqQ/2N1P3/P1P3P1/1P3P1P/R3R1K1 b - - 2 21,https://www.chess.com/game/live/170771871256
2026-06-27,rapid,Kings Pawn Opening Kings Knight Variation,25,black,middlegame,False,23.4,Kxf4,Nxh4,rn1b1r2/1pp2p2/p2p2n1/3P1N2/2N1PPkP/P1P5/1P6/R3R1K1 b - - 0 25,https://www.chess.com/game/live/170771871256
2026-06-27,rapid,Kings Pawn Opening Kings Knight Variation,26,black,middlegame,True,45.2,Kxe4,Kg4,rn1b1r2/1pp2p2/p2p2n1/3P1N2/2N1Pk1P/P1P5/1P6/R4RK1 b - - 1 26,https://www.chess.com/game/live/170771871256
2026-06-26,rapid,Kings Pawn Opening,22,white,middlegame,False,49.8,Ne7+,g4,r5k1/pp3pp1/2n4p/3N1b2/3P1N2/P1P2P1P/1P4P1/R1B1b1K1 w - - 0 22,https://www.chess.com/game/live/170724409818
2026-06-26,rapid,Kings Pawn Opening,47,white,endgame,True,83.8,c5,d8=Q+,8/pp1Pkp2/6pp/7r/1PP3Kb/P7/8/3R4 w - - 1 47,https://www.chess.com/game/live/170724409818
2026-06-25,rapid,Bishops Opening,4,black,opening,True,74.6,Qf6,Qxf2#,rnb1k1nr/pppp1ppp/8/2b1p3/2B1P2q/2N2N2/PPPP1PPP/R1BQK2R b KQkq - 5 4,https://www.chess.com/game/live/170719132150
2026-06-25,rapid,Bishops Opening,16,black,middlegame,False,24.2,Bd8,Bg4,rnb2k1r/pp4p1/1bpp1nB1/4p1N1/4P2q/2NP1Q2/PPP2P1P/R3K1R1 b Q - 4 16,https://www.chess.com/game/live/170719132150
2026-06-25,rapid,Bishops Opening,21,black,middlegame,True,30.6,Ke7,Kf8,r2bk3/pp1n2N1/2pp1n1r/4pQ2/4P2q/2NP4/PPP2P1P/2KR2R1 b - - 0 21,https://www.chess.com/game/live/170719132150
2026-06-25,rapid,Kings Pawn Opening Kings Knight Variation,13,black,middlegame,False,21.9,Qg6,b4,r2bk1nr/3n1pp1/p1p1bq1p/1p2p3/P3P3/2NBBN2/1PPQ1PPP/R2R2K1 b kq - 0 13,https://www.chess.com/game/live/170715923288
2026-06-25,rapid,Kings Pawn Opening,17,white,middlegame,False,33.5,Nd5,h3,r2qr1k1/pp3p1p/6p1/8/3nB1b1/2NPQ3/PPP2PPP/2R2RK1 w - - 3 17,https://www.chess.com/game/live/170677753350
2026-06-25,rapid,Kings Pawn Opening,21,white,middlegame,True,32.1,Nxe4,dxe4,r2qr1k1/pp3p1p/6p1/8/4b3/2NPQ3/PPP2PPP/2R4K w - - 0 21,https://www.chess.com/game/live/170677753350
2026-06-25,rapid,Kings Pawn Opening,35,white,middlegame,True,35.3,Qxa5,Qe6+,3r2k1/7p/Q5p1/p4p2/2P4P/3q2P1/5PK1/8 w - - 0 35,https://www.chess.com/game/live/170677753350
2026-06-24,rapid,Kings Pawn Opening Kings Knight Variation,28,black,middlegame,False,28.4,Kh4,Kg6,r1b1r3/2R3p1/3R1n2/p3p1pk/P3P1P1/1P1P1P2/7P/6K1 b - - 0 28,https://www.chess.com/game/live/170668353730
2026-06-24,rapid,Kings Pawn Opening Kings Knight Variation,29,black,middlegame,False,21.0,Re6,Bxg4,r1b1r3/2R3p1/3R1n2/p3p1p1/P3P1Pk/1P1P1P2/6KP/8 b - - 2 29,https://www.chess.com/game/live/170668353730
2026-06-24,rapid,Kings Pawn Opening Kings Knight Variation,32,black,middlegame,False,79.3,Ra6,Nxg4,r7/8/5nR1/p3p1p1/P3P1Pk/1b1P1P2/6KP/8 b - - 1 32,https://www.chess.com/game/live/170668353730
2026-06-24,rapid,Kings Pawn Opening Kings Knight Variation,35,black,middlegame,False,32.4,Ra6,Bxg6,8/r4b2/5nR1/p3p1p1/P3P1Pk/3P1P1P/6K1/8 b - - 4 35,https://www.chess.com/game/live/170668353730
2026-06-24,rapid,Kings Pawn Opening Kings Knight Variation,39,black,endgame,False,38.8,Kxg4,Bd5+,8/r4bR1/8/p3P1p1/P4pPk/3P4/6K1/8 b - - 0 39,https://www.chess.com/game/live/170668353730
2026-06-24,rapid,Kings Pawn Opening Kings Knight Variation,41,black,endgame,False,34.3,Re7,Ra6,8/r4bR1/4P3/p5p1/P5k1/3P1p2/5K2/8 b - - 1 41,https://www.chess.com/game/live/170668353730
2026-06-24,rapid,Scandinavian Defense,14,white,middlegame,False,37.8,Qe4,Qa2+,rnbqr1k1/ppb3pp/5n2/P3p3/1B6/2P2N1P/4QPP1/RN2KB1R w KQ - 1 14,https://www.chess.com/game/live/170630980276
2026-06-23,rapid,Kings Pawn Opening,11,white,opening,False,26.8,Bd2,Nc3,r1bq1rk1/1pp2ppp/p7/3n4/1b1P4/3Q4/PP3PPP/RNB1KBNR w KQ - 0 11,https://www.chess.com/game/live/170584766022
2026-06-23,rapid,Kings Pawn Opening,14,white,middlegame,True,38.8,Nge2,Be2,r1b1r1k1/1pp2ppp/p7/8/1b1q1n2/2N3Q1/PP1B1PPP/R3KBNR w KQ - 2 14,https://www.chess.com/game/live/170584766022
2026-06-23,rapid,Kings Pawn Opening,7,white,opening,True,25.1,Bb3,d4,r1bqk2r/ppp2p1p/2np1np1/2b1p3/2B1P3/2P2Q1P/PP1P1PP1/RNB1K1NR w KQkq - 0 7,https://www.chess.com/game/live/170584627104
2026-06-23,rapid,Kings Pawn Opening,9,white,opening,True,39.8,Bc2,Bg5,r3k2r/ppp1qp1p/2npbnp1/2b1p3/4P3/1BPP1Q1P/PP3PP1/RNB1K1NR w KQkq - 1 9,https://www.chess.com/game/live/170584627104
2026-06-22,rapid,Reti Opening Pirc Invitation,16,black,middlegame,False,33.8,Ra4,Ne7,1nb1kbnr/5pp1/5q1p/1p1Qp3/1r1pP3/B2P1NP1/4NPBP/5RK1 b k - 1 16,https://www.chess.com/game/live/170579594574
2026-06-22,rapid,Reti Opening Pirc Invitation,26,black,middlegame,False,49.2,Qxf5,Rb6,1n5r/5ppk/r4q1p/4pP2/1Q1p4/3P2P1/4NPBP/2R3K1 b - - 0 26,https://www.chess.com/game/live/170579594574
2026-06-22,rapid,Clemenz Opening,26,black,middlegame,False,32.7,Rd8,dxc4,rn2r1k1/2qb1p2/2p3p1/p2p3p/2BP4/1PQ1P2P/1B3PP1/R3K2R b K - 5 26,https://www.chess.com/game/live/170535674106
2026-06-21,rapid,Kings Pawn Opening,24,white,middlegame,False,41.9,f3,Qd1,2k1r3/ppprb2p/2b3p1/3p3n/3p1p2/PB1P3P/1PPQ1PP1/RNB2K2 w - - 0 24,https://www.chess.com/game/live/170523670722
2026-06-21,rapid,Kings Pawn Opening,25,white,middlegame,False,28.5,Qf2,Qd1,2k1r3/pppr3p/2bb2p1/3p3n/3p1p2/PB1P1P1P/1PPQ2P1/RNB2K2 w - - 1 25,https://www.chess.com/game/live/170523670722
2026-06-21,rapid,Kings Pawn Opening,30,white,middlegame,True,41.7,Qxg6,Kh2,2k1r3/ppp4Q/2bb2p1/3p4/3p1p2/PB1P1PnP/1PPBr1P1/RN4K1 w - - 1 30,https://www.chess.com/game/live/170523670722
2026-06-21,rapid,Kings Pawn Opening,31,white,middlegame,False,33.7,Qg4+,Kh2,2k1r3/1pp5/p1bb2Q1/3p4/3p1p2/PB1P1PnP/1PPBr1P1/RN4K1 w - - 0 31,https://www.chess.com/game/live/170523670722
2026-06-21,rapid,Kings Pawn Opening,34,white,middlegame,False,44.2,Qxd5,Qxe8+,2k1r1Q1/1ppb4/p2b4/3p4/3p1p2/PB1P1PnP/1PPBr1P1/RN4K1 w - - 6 34,https://www.chess.com/game/live/170523670722
2026-06-21,rapid,Kings Pawn Opening,36,white,middlegame,False,43.1,Qg5,Qxe8+,2k1r1Q1/1ppb4/p2b4/8/3p1p2/PB1P1PnP/1PPBr1P1/RN4K1 w - - 3 36,https://www.chess.com/game/live/170523670722
2026-06-21,rapid,Kings Pawn Opening,38,white,middlegame,False,42.3,Qc4,Bf7,2k1r1Q1/1ppb4/p2b4/8/3p1p2/PB1P1PnP/1PPBr1P1/RN4K1 w - - 7 38,https://www.chess.com/game/live/170523670722
2026-06-21,rapid,Kings Pawn Opening,39,white,middlegame,True,42.0,Qxd4,Qg8,2k1r3/1pp5/p2b4/1b6/2Qp1p2/PB1P1PnP/1PPBr1P1/RN4K1 w - - 9 39,https://www.chess.com/game/live/170523670722
2026-06-21,rapid,Kings Pawn Opening,40,white,middlegame,False,26.9,Qc5,Qe4,2k1r3/1pp5/p7/1b2b3/3Q1p2/PB1P1PnP/1PPBr1P1/RN4K1 w - - 1 40,https://www.chess.com/game/live/170523670722
2026-06-21,rapid,Kings Pawn Opening,41,white,middlegame,False,47.5,Ra2,Kh2,2k1r3/1pp5/p7/1bQ5/5p2/PB1P1PnP/1bPBr1P1/RN4K1 w - - 0 41,https://www.chess.com/game/live/170523670722
2026-06-21,rapid,Kings Pawn Opening,42,white,middlegame,True,47.5,Bc4,Kh2,2k1r3/1pp5/p7/1bQ1b3/5p2/PB1P1PnP/R1PBr1P1/1N4K1 w - - 2 42,https://www.chess.com/game/live/170523670722
2026-06-21,rapid,Kings Pawn Opening Leonardis Variation,17,black,middlegame,False,23.9,g6,Rd8,r1b2rk1/4nppq/2np1b1p/p1p1p2P/Pp2P3/1P1P1NN1/1BPQBPP1/2KR3R b - - 2 17,https://www.chess.com/game/live/170522449692
2026-06-21,rapid,Kings Pawn Opening Leonardis Variation,21,black,middlegame,False,22.7,Qh7,Qxd2+,r1b2rk1/4n3/2np1bpq/p1p1p2p/Pp2P3/1P1P1NN1/1BPQBPPR/2KR4 b - - 3 21,https://www.chess.com/game/live/170522449692
2026-06-21,rapid,Kings Pawn Opening Leonardis Variation,26,black,middlegame,True,64.9,Qf7,Qxh6,r1b2rk1/4n1b1/2np1q1R/p1p1p1R1/Pp2P3/1P1P1N2/1BPQBPP1/2K5 b - - 4 26,https://www.chess.com/game/live/170522449692
2026-06-21,rapid,Kings Gambit Accepted Kings Knight Gambit,6,black,opening,False,22.3,Na5,Ne5,r1b1kbnr/ppp2ppp/2np1q2/3P4/2B1Pp2/5N2/PPP3PP/RNBQK2R b KQkq - 0 6,https://www.chess.com/game/live/170521874956
2026-06-21,rapid,Kings Gambit Accepted Kings Knight Gambit,12,black,opening,True,33.6,Qg5,Nf5,r1b1kb1r/p1p1npp1/1p3q1p/3PN3/2N2R2/8/PPP3PP/R1BQ2K1 b kq - 0 12,https://www.chess.com/game/live/170521874956
2026-06-21,rapid,Kings Pawn Opening,15,white,middlegame,False,21.9,Ne2,Rd1,r4rk1/p1p2pbp/1pnq1np1/4p1B1/4P3/1BP2Q1P/PP3PP1/R3K1NR w KQ - 1 15,https://www.chess.com/game/live/170490275508
2026-06-21,rapid,Kings Pawn Opening,24,white,middlegame,False,25.4,Bd3,Rxd8,3r1rk1/p1p1q1b1/1p4pp/4pp2/2P1P3/1P3Q1P/PnBR1PP1/2N2RK1 w - - 1 24,https://www.chess.com/game/live/170490275508
2026-06-21,rapid,Kings Pawn Opening,38,white,endgame,True,24.5,Kf2,Kd2,8/p7/1p1p3p/4k1p1/2P1p1P1/1P2P2P/P3K3/8 w - - 3 38,https://www.chess.com/game/live/170490275508
2026-06-21,rapid,Kings Pawn Opening,39,white,endgame,False,32.3,a4,cxd5,8/p7/1p5p/3pk1p1/2P1p1P1/1P2P2P/P4K2/8 w - - 0 39,https://www.chess.com/game/live/170490275508
2026-06-20,rapid,Kings Pawn Opening Kings Knight Variation,19,black,middlegame,False,25.0,Be4,Nc8,rn1bk2r/1pp1npp1/p2p1qbp/2PPp3/6P1/1P2BNNP/P4PB1/R2QR1K1 b kq - 0 19,https://www.chess.com/game/live/170476751404
2026-06-20,rapid,Kings Pawn Opening Kings Knight Variation,23,black,middlegame,False,41.0,Nxd5,Nd7,rn1bk2r/1p2npp1/p2p3p/3Pp3/4q1P1/PP2BN1P/5P2/R2QRBK1 b kq - 0 23,https://www.chess.com/game/live/170476751404
2026-06-20,rapid,Kings Pawn Opening Kings Knight Variation,27,black,middlegame,False,39.5,Be7,Bc7,rn1bk2r/1p1q1pp1/p2p3p/4p3/2N3P1/PP2R2P/5P2/2RQ1BK1 b kq - 4 27,https://www.chess.com/game/live/170476751404
2026-06-20,rapid,Kings Pawn Opening,14,white,middlegame,False,29.7,Nxe5,d4,rn2kb1r/1b3p2/3p3p/ppp1p3/4P1n1/P1PP1N2/1P1NBPP1/R1B2RK1 w kq - 0 14,https://www.chess.com/game/live/170476148172
2026-06-20,rapid,Kings Pawn Opening,46,white,endgame,True,38.8,Ke6,Kxg5,4k3/R7/3p1K2/4bPr1/P3P3/8/8/8 w - - 1 46,https://www.chess.com/game/live/170476148172
2026-06-20,rapid,Kings Pawn Opening,47,white,endgame,False,35.8,Rd7,f6,5k2/R7/3pK3/4bPr1/P3P3/8/8/8 w - - 3 47,https://www.chess.com/game/live/170476148172
2026-06-20,rapid,French Defense,12,white,opening,False,30.5,Nf3,Qe2,r3k2r/pppbb1p1/2n1p2p/1B2Pp2/3Pp2q/2P1Q2P/PP3PP1/R1B1K1NR w KQkq - 0 12,https://www.chess.com/game/live/170446309626
2026-06-20,rapid,French Defense,14,white,middlegame,False,50.8,fxe3,Ng6,r3k2r/pppbb1p1/2n1p2p/1B2P3/3Pp2N/2P1p2P/PP3PP1/R1B1K2R w KQkq - 0 14,https://www.chess.com/game/live/170446309626
2026-06-20,rapid,Kings Pawn Opening,22,white,middlegame,False,22.3,O-O,Nxg5,r1b1qr1k/ppp2pp1/3pn2p/4p1nB/2P1P3/P2P1NQP/1P1N1PP1/R3K2R w KQ - 2 22,https://www.chess.com/game/live/170444984122
2026-06-20,rapid,Kings Pawn Opening,30,white,middlegame,False,20.9,Nh4,Nd4,2r4k/ppp3p1/3pq2p/2n1pr2/2P5/P2P1NQP/1P3PP1/3RR1K1 w - - 0 30,https://www.chess.com/game/live/170444984122
2026-06-20,rapid,Kings Pawn Opening,33,white,middlegame,False,36.8,Rd2,Qe3,2r4k/pp4p1/2ppq2p/4p1r1/1PP4N/Pn1P1Q1P/5PP1/3RR1K1 w - - 1 33,https://www.chess.com/game/live/170444984122
2026-06-19,rapid,Nimzowitsch Defense Kennedy Linksspringer Variation,16,black,middlegame,True,40.1,Qxe4,h5,r1b1k1nr/p3bpp1/2ppn1qp/4p3/N1P1P1P1/5N1P/PP1BBP2/2RQR1K1 b kq - 2 16,https://www.chess.com/game/live/170429949042
2026-06-19,rapid,Nimzowitsch Defense Kennedy Linksspringer Variation,18,black,middlegame,False,22.1,Ng5,h5,r1b1k1nr/p3bpp1/2ppn1qp/4p3/N1P3P1/5N1P/PP1B1PB1/2RQR1K1 b kq - 3 18,https://www.chess.com/game/live/170429949042
2026-06-18,rapid,Kings Pawn Opening Kings Knight Variation,9,black,opening,False,20.5,c5,Bc5,r1b1k1nr/p1pnbpp1/1p3q1p/4p3/4P3/1P1B4/PBPN1PPP/RN1Q1RK1 b kq - 1 9,https://www.chess.com/game/live/170392647380
2026-06-18,rapid,Owens Defense,23,white,middlegame,False,35.3,Nxb6,Bxc3,r4rk1/3q1pb1/1p1p2pp/3N4/b2P4/2p3QP/PB3PP1/R3R1K1 w - - 0 23,https://www.chess.com/game/live/170351718590
2026-06-18,rapid,Owens Defense,24,white,middlegame,True,29.7,Nxa8,Nxa4,r4rk1/5pb1/1Nqp2pp/8/b2P4/2p3QP/PB3PP1/R3R1K1 w - - 1 24,https://www.chess.com/game/live/170351718590
2026-06-18,rapid,Kings Pawn Opening,18,white,middlegame,False,27.2,Qe3,Nxd4,r2q1r2/2p1bpkp/4bnp1/p3p1B1/PpPnP3/3P1Q1P/3NNPP1/R2B1RK1 w - - 1 18,https://www.chess.com/game/live/170351593602
2026-06-18,rapid,Kings Pawn Opening,29,white,middlegame,False,29.3,Nc5,Qd4+,6rk/2p2p1p/4b3/p6p/qpP1P3/1N1PQR1P/6P1/6K1 w - - 0 29,https://www.chess.com/game/live/170351593602
2026-06-18,rapid,Kings Pawn Opening,33,white,middlegame,False,95.1,Nxe6,Rg3,7k/2p3rp/4bQ2/p1N4p/1pP1P3/3P1R1P/2q3PK/8 w - - 1 33,https://www.chess.com/game/live/170351593602
2026-06-18,rapid,Queens Pawn Opening Horwitz Defense,53,black,middlegame,True,25.5,Kc7,Rxg4,7R/3kn3/3p1p2/4p1p1/r5B1/6P1/5PK1/8 b - - 13 53,https://www.chess.com/game/live/170349947830
2026-06-18,rapid,Queens Pawn Opening Horwitz Defense,60,black,endgame,False,49.8,f4,Rd4+,8/8/2kp1R2/4pp2/4r1p1/3K2P1/5P2/8 b - - 3 60,https://www.chess.com/game/live/170349947830
2026-06-17,rapid,Kings Pawn Opening Kings Knight Variation,9,black,opening,True,42.3,Qf6,Qc5+,r1b1kbnr/pp3pp1/2pp3p/4q3/2B1PP2/2N5/PPP3PP/R1BQ1RK1 b kq - 0 9,https://www.chess.com/game/live/170305112198
2026-06-17,rapid,Kings Pawn Opening Kings Knight Variation,10,black,opening,False,22.7,dxe5,Qd8,r1b1kbnr/pp3pp1/2pp1q1p/4P3/2B2P2/2N5/PPP3PP/R1BQ1RK1 b kq - 0 10,https://www.chess.com/game/live/170305112198
2026-06-17,rapid,Nimzowitsch Defense Kennedy Linksspringer Variation,14,black,middlegame,False,34.7,O-O-O,g5,r3k1nr/1ppnbpp1/p2p1q1p/3Pp3/P3P3/2N1BNPQ/1PP1BP2/R5K1 b kq - 4 14,https://www.chess.com/game/live/170303979878
2026-06-17,rapid,Nimzowitsch Defense Kennedy Linksspringer Variation,15,black,middlegame,False,44.1,b6,h5,2kr2nr/Bppnbpp1/p2p1q1p/3Pp3/P3P3/2N2NPQ/1PP1BP2/R5K1 b - - 6 15,https://www.chess.com/game/live/170303979878
2026-06-17,rapid,Nimzowitsch Defense Kennedy Linksspringer Variation,17,black,middlegame,True,22.8,Nxb6,cxb6,3r2nr/1kpnbpp1/pB1p1q1p/3Pp3/PP2P3/2N2NPQ/2P1BP2/R5K1 b - - 0 17,https://www.chess.com/game/live/170303979878
2026-06-17,rapid,Scandinavian Defense,19,white,middlegame,False,45.4,Ng5,Rfb1,r4rk1/1b4pp/p1n1pq2/3p4/P2P4/3Q1N1P/2N2PP1/R4RK1 w - - 0 19,https://www.chess.com/game/live/170303705814
2026-06-16,rapid,French Defense Steinitz Attack,15,white,middlegame,False,27.9,Nd2,Nxh6,rn1qk2r/2pb1p2/4p2n/pp1pP1b1/1P1P2N1/P1PB4/1B3PP1/RN1Q1RK1 w kq - 1 15,https://www.chess.com/game/live/170256085476
2026-06-16,rapid,French Defense Steinitz Attack,24,white,middlegame,False,33.0,Ng5,g3,rnk4r/2pbbpq1/4p3/pp1pP3/1P1P1Q2/P1PB1N2/5PP1/2BR1RK1 w - - 14 24,https://www.chess.com/game/live/170256085476
2026-06-16,rapid,French Defense Steinitz Attack,25,white,middlegame,False,30.7,Rde1,Nf3,rnk1b2r/2p1bpq1/4p3/pp1pP1N1/1P1P1Q2/P1PB4/5PP1/2BR1RK1 w - - 16 25,https://www.chess.com/game/live/170256085476
2026-06-16,rapid,French Defense Steinitz Attack,26,white,middlegame,False,36.5,Re3,Qg3,r1k1b2r/2pnbpq1/4p3/pp1pP1N1/1P1P1Q2/P1PB4/5PP1/2B1RRK1 w - - 18 26,https://www.chess.com/game/live/170256085476
2026-06-16,rapid,Kings Pawn Opening,14,white,middlegame,False,63.7,Ng5,Qe3,r5k1/pp1nbp1p/2ppb1pQ/q6n/4P3/2PP1N1P/PP2BPP1/RN2K2R w KQ - 6 14,https://www.chess.com/game/live/170255979822
2026-06-16,rapid,Kings Pawn Opening,13,white,middlegame,False,57.1,Nf3,b4,r1b1k2r/p4p1p/2p2npb/n3p1N1/B7/2PP4/PP3PPP/RNB1K2R w KQkq - 2 13,https://www.chess.com/game/live/170255772874
2026-06-16,rapid,Kings Pawn Opening,18,white,middlegame,True,41.3,a6,Bb7,B4rk1/p2b1p1p/5np1/P3p3/8/2PP1N2/P4PPP/bN2K2R w K - 1 18,https://www.chess.com/game/live/170255772874
2026-06-15,rapid,Queens Pawn Opening Horwitz Defense,11,black,opening,True,24.4,Nb8,Qxg2,N1bk2nr/1p1nbpp1/p2p2qp/4p3/2PPP3/3B1N1P/PPQ2PP1/R1B1K2R b KQ - 0 11,https://www.chess.com/game/live/170206551692
2026-06-15,rapid,Queens Pawn Opening Horwitz Defense,16,black,middlegame,True,23.6,Qf3+,Qxb6,1nbk2nr/1p3pp1/pN1p3p/4P3/2P1P2b/3Bq2P/PPQ2P2/R2K1R2 b - - 1 16,https://www.chess.com/game/live/170206551692
2026-06-15,rapid,Kings Pawn Opening Kings Knight Variation,17,black,middlegame,True,78.1,Bxf3,Qxd2+,rn1bk1nr/pp3pp1/2pp3p/4p3/B3P1b1/2NPBPP1/PPPQ3q/2K2RR1 b kq - 0 17,https://www.chess.com/game/live/170206096184
2026-06-15,rapid,Kings Pawn Opening Kings Knight Variation,18,black,middlegame,True,51.4,Qxg1+,Qxd2+,rn1bk1nr/pp3pp1/2pp3p/4p3/B3P3/2NPBRP1/PPPQ3q/2K3R1 b kq - 0 18,https://www.chess.com/game/live/170206096184
2026-06-14,rapid,Sicilian Defense,37,white,middlegame,False,25.6,Rb7,f4,1Q3bk1/3p3p/p3p1p1/q3Pp2/P2P4/2r2P1P/3N2P1/1R4K1 w - - 2 37,https://www.chess.com/game/live/170204042802
2026-06-14,rapid,Kings Pawn Opening Kings Knight Variation,6,black,opening,False,39.7,Nce7,Nd4,r1b1kbnr/pppp1ppp/2n5/3Pp1B1/4q3/5N2/PPP1BPPP/RN1QK2R b KQkq - 1 6,https://www.chess.com/game/live/170203702272
2026-06-14,rapid,Kings Pawn Opening Kings Knight Variation,30,black,middlegame,True,20.8,Qg4,Ne2#,r4rk1/5p2/p2p2p1/2p1p2p/2Pn3P/2Q3Pq/P1N2P2/1R3RK1 b - - 1 30,https://www.chess.com/game/live/170203702272
2026-06-14,rapid,Kings Pawn Opening Kings Knight Variation,33,black,middlegame,False,20.2,f5,Rfb8,r4rk1/5p2/3p2p1/p1p1p2p/2Pq3P/1Q4P1/P4P2/1RR3K1 b - - 1 33,https://www.chess.com/game/live/170203702272
2026-06-14,rapid,Kings Pawn Opening Kings Knight Variation,36,black,middlegame,False,20.2,Qf2+,Rf2+,r4rk1/8/1Q1p2p1/p1p1p2p/2Pq3P/6P1/P5K1/1RR5 b - - 0 36,https://www.chess.com/game/live/170203702272
2026-06-14,rapid,Kings Pawn Opening Kings Knight Variation,38,black,middlegame,False,31.3,Qxa2,Qd4,r5k1/8/1Q1p2p1/p1p1p2p/2P4P/5rPK/P4q2/1R4R1 b - - 4 38,https://www.chess.com/game/live/170203702272
2026-06-14,rapid,Queens Pawn Opening Horwitz Defense,8,black,opening,False,22.8,exd5,Ne5,r1b1k1nr/1pp1bpp1/p1nppq1p/3P4/2P1P3/2NBBN2/PP3PPP/R2QK2R b KQkq - 0 8,https://www.chess.com/game/live/170198300160
2026-06-14,rapid,Vienna Game,14,black,middlegame,False,42.4,Nd7,Qf6,rn3rk1/pp2bpp1/2pp2qp/4p3/2BPP3/P1N2NPQ/1PP2P1P/R5K1 b - - 0 14,https://www.chess.com/game/live/170194497086
2026-06-14,rapid,Kings Fianchetto Opening,10,black,opening,False,52.0,g6,Nxh5,rnbq1rk1/ppb2ppp/2p2n2/3p3N/4p3/PP2P1PP/1BPP1PB1/RN1QK2R b KQ - 6 10,https://www.chess.com/game/live/170194056456
2026-06-14,rapid,Kings Fianchetto Opening,37,black,middlegame,False,80.1,Nxh1+,Qd2,4k3/pp3p2/2p3p1/7p/P1P5/4PBPP/2q2nK1/2R4R b - - 1 37,https://www.chess.com/game/live/170194056456
2026-06-14,rapid,French Defense Steinitz Attack,27,white,middlegame,False,20.8,Nd2,Rg4,r6r/pp3qk1/5pp1/4p3/4Qn2/2P2P2/PP3P1P/RN4RK w - - 4 27,https://www.chess.com/game/live/170192765562
2026-06-14,rapid,French Defense Steinitz Attack,29,white,middlegame,False,41.5,Ne3,Rd1,r6r/p4qk1/1p3p2/4p1p1/4Qn2/2P2P2/PP3P1P/R4NRK w - - 0 29,https://www.chess.com/game/live/170192765562
2026-06-14,rapid,Caro Kann Defense,11,white,opening,True,29.2,Bd2,Bxa6+,2kr1b1r/p2qp1pp/n1p1bn2/3p4/1p1P4/1PP3QP/P3BPP1/RNB1K1NR w KQ - 0 11,https://www.chess.com/game/live/170191617198
2026-06-14,rapid,Caro Kann Defense,12,white,opening,False,21.6,Bf3,a3,2kr1b1r/pq2p1pp/n1p1bn2/3p4/1p1P4/1PP3QP/P2BBPP1/RN2K1NR w KQ - 2 12,https://www.chess.com/game/live/170191617198
2026-06-14,rapid,Caro Kann Defense,14,white,middlegame,False,35.8,Qh4,Bxe4,2kr1b1r/pq2p1pp/n1p1b3/3p4/3Pn3/1PB2BQP/P4PP1/RN2K1NR w KQ - 1 14,https://www.chess.com/game/live/170191617198
2026-06-14,rapid,Caro Kann Defense,26,white,middlegame,True,81.3,f3,Qxa3,5r2/pkn1Q2p/2p2rp1/3p4/3P4/qPN4P/P4PP1/RR4K1 w - - 1 26,https://www.chess.com/game/live/170191617198
2026-06-14,rapid,Kings Pawn Opening Kings Knight Variation,11,black,opening,False,25.0,Nf6,Nd7,rnb1k1nr/ppb2p2/2p4p/4p1p1/2B1P3/2N2NB1/PPP2PPP/3RK2R b Kkq - 1 11,https://www.chess.com/game/live/170164539392
2026-06-14,rapid,Kings Pawn Opening,15,white,middlegame,False,24.4,Ndxe4,Qxe4,r2q1rk1/ppp3bp/2n1b1p1/4p2n/4p3/P1PP1QNP/2BN1PP1/R1B1K2R w KQ - 0 15,https://www.chess.com/game/live/170164311240
2026-06-13,rapid,Kings Pawn Opening Kings Knight Variation,11,black,opening,False,25.3,Bf6,a5,r1b1k1nr/p3bpp1/1npp2qp/4p3/P3P3/1PN2N2/2P1BPPP/R1BQ1R1K b kq - 2 11,https://www.chess.com/game/live/170156855156
2026-06-13,rapid,Nimzowitsch Defense Scandinavian Advance Variation,9,white,opening,False,30.5,Bf4,Nxe5,r1b1k2r/ppp1q1pp/3b1n2/3pn3/8/2P2N2/PP2QPPP/RNB1KB1R w KQkq - 4 9,https://www.chess.com/game/live/170149459070
2026-06-13,rapid,Queens Pawn Opening Horwitz Defense,19,black,middlegame,True,33.2,Bg4,Bxa6,r1b2rk1/p1p1npp1/BpPp3p/3Pp3/4Pq2/P1P2N2/4QPPP/R3K2R b KQ - 1 19,https://www.chess.com/game/live/170148220330
2026-06-13,rapid,Queens Pawn Opening Horwitz Defense,56,black,middlegame,False,22.6,Ng6,Ng2,8/2p5/1pPp3r/p2Pp1k1/P1P3Pn/5P1p/2B2R1K/8 b - - 7 56,https://www.chess.com/game/live/170148220330
2026-06-13,rapid,Queens Pawn Opening Horwitz Defense,58,black,endgame,False,26.1,Kg5,Kg7,8/2p5/1pPp2kr/p2Pp3/P1P3P1/5PKp/5R2/8 b - - 1 58,https://www.chess.com/game/live/170148220330
2026-06-13,rapid,Queens Pawn Opening Horwitz Defense,62,black,endgame,True,31.5,Rxc4,Rxf5,8/2p5/1pPp2k1/p2PpR2/P1P2rP1/5PK1/8/8 b - - 4 62,https://www.chess.com/game/live/170148220330
2026-06-13,rapid,Kings Gambit Accepted Kings Knight Gambit,7,black,opening,True,22.5,a6,g5,r1b1kbnr/ppp2pp1/2np1q1p/8/2BPPp2/2N2N2/PPP3PP/R1BQ1RK1 b kq - 2 7,https://www.chess.com/game/live/170147940866
2026-06-13,rapid,Kings Gambit Accepted Kings Knight Gambit,15,black,middlegame,False,40.6,Qe7,Qf5,r1b2rk1/1pp2pp1/p1n1q1np/2b1P3/2B1QB2/2N2N2/PPP3PP/R4R1K b - - 6 15,https://www.chess.com/game/live/170147940866
2026-06-13,rapid,Kings Pawn Opening Kings Knight Variation,9,black,opening,False,23.8,Qg6,Qe7,r1b1kbnr/pp3pp1/2p2q1p/4p3/2B1P3/2N1B3/PPP2PPP/R2Q1RK1 b kq - 1 9,https://www.chess.com/game/live/170141591734
2026-06-13,rapid,Kings Pawn Opening,20,white,middlegame,False,28.8,Rd2,Qh4,r4rk1/p1p2pb1/1pnnq1pp/4p3/4P3/1NP1B1QP/PP2NPP1/3R1RK1 w - - 8 20,https://www.chess.com/game/live/170140152376
2026-06-13,rapid,Vienna Game,9,black,opening,False,26.1,Be7,Nd7,rn2kbnr/p4pp1/2pp1q1p/4p3/4P1b1/2N1BN2/PPPQBPPP/R3K2R b KQkq - 5 9,https://www.chess.com/game/live/170138665282
2026-06-13,rapid,Kings Pawn Opening,18,white,middlegame,False,45.2,Nxd4,Qe3,r2qk1nb/2p2p1p/p3b1p1/4p3/1pPnP3/3P1Q1P/P3NPP1/RN1BK2R w KQq - 1 18,https://www.chess.com/game/live/170118032642
2026-06-13,rapid,French Defense Steinitz Attack,23,white,middlegame,True,56.3,Kxf3,Qxf3,r4rk1/2qp1p2/3bpn1p/1Np3p1/P7/1Q3bPP/5PK1/R1B2R2 w - - 0 23,https://www.chess.com/game/live/170117336746
2026-06-13,rapid,French Defense Steinitz Attack,42,white,middlegame,False,28.2,Bxh4,Rexe7+,4r3/1R2b1k1/4R3/2Nn1pB1/7p/7P/r4PK1/8 w - - 4 42,https://www.chess.com/game/live/170117336746
2026-06-13,rapid,French Defense Steinitz Attack,44,white,middlegame,True,29.4,Kg3,Kf3,4r1k1/1R2B3/4R3/2N2p2/5n2/7P/r4PK1/8 w - - 1 44,https://www.chess.com/game/live/170117336746
2026-06-13,rapid,French Defense Steinitz Attack,48,white,middlegame,False,25.7,Kf4,Kf3,4r1k1/6r1/1R6/5p2/3N4/6KP/5P2/8 w - - 2 48,https://www.chess.com/game/live/170117336746
2026-06-13,rapid,Kings Pawn Opening,24,black,middlegame,False,32.9,Bd7,Bxb4,2r2rk1/4bpp1/R1p1b2p/1p1pP3/1P1P4/4BN1P/5PP1/5RK1 b - - 3 24,https://www.chess.com/game/live/170116251722
2026-06-13,rapid,Van t Kruijs Opening,31,white,middlegame,False,23.1,Ng3,Nc3,r7/2p2kp1/1b3p2/1p2p2p/1P2N2P/P2r1P2/R1R2PK1/8 w - - 3 31,https://www.chess.com/game/live/170114677172
2026-06-12,rapid,Kings Pawn Opening,10,white,opening,False,45.0,c3,Nxf6+,r1bqr1k1/ppppbp1p/2n2np1/3Np1B1/2B1P3/3P1Q1P/PPP2PP1/R3K1NR w KQ - 7 10,https://www.chess.com/game/live/170069230598
2026-06-12,rapid,Kings Pawn Opening,16,white,middlegame,True,44.7,O-O,Nxf6+,r2q1rk1/1b2npb1/p4npp/1p2p3/1P2N3/2P2Q1P/2BP1PP1/RNB1K2R w KQ - 1 16,https://www.chess.com/game/live/170069048300
2026-06-12,rapid,Kings Pawn Opening,17,white,middlegame,True,41.8,d3,Nxf6+,r2q1rk1/1b3pb1/p4npp/1p2pn2/1P2N3/2P2Q1P/2BP1PP1/RNB2RK1 w - - 3 17,https://www.chess.com/game/live/170069048300
2026-06-12,rapid,Kings Pawn Opening,18,white,middlegame,True,48.7,Qe3,Nxf6+,r2q1rk1/1b3pb1/p4npp/1p2p3/1P2N2n/2PP1Q1P/2B2PP1/RNB2RK1 w - - 1 18,https://www.chess.com/game/live/170069048300
2026-06-12,rapid,Kings Pawn Opening,24,white,middlegame,False,26.1,f4,Qg3,2r3k1/1b4b1/p6p/1p2pp2/1P5q/2P1Q2P/5P2/RNB2RK1 w - - 0 24,https://www.chess.com/game/live/170069048300
2026-06-12,rapid,Kings Pawn Opening,25,white,middlegame,False,63.2,fxe5,Ra2,6k1/1b4b1/p1r4p/1p2pp2/1P3P1q/2P1Q2P/8/RNB2RK1 w - - 1 25,https://www.chess.com/game/live/170069048300
2026-06-12,rapid,Kings Pawn Opening Kings Knight Variation,34,black,middlegame,False,86.6,Qf2,hxg5,4rrk1/2p3p1/3p3p/pPpP2N1/P1P2P1R/2KQ4/6q1/8 b - - 6 34,https://www.chess.com/game/live/170068013334
2026-06-12,rapid,Scandinavian Defense,12,white,opening,False,43.5,exf6,Qe3,2kr2nr/ppqnp2p/2p1bpp1/3pP3/1P1P1Q2/P1P2N1P/5PP1/RN2KB1R w KQ - 0 12,https://www.chess.com/game/live/170067966608
2026-06-12,rapid,Alapin Sicilian Defense...3.Nf3 Nf6,18,white,middlegame,False,34.4,Ne5,Bxc6,r3k2r/1bqp3p/p1n1p3/1p3p2/1P1PB3/P4N2/5PPP/R2Q1RK1 w kq - 0 18,https://www.chess.com/game/live/170066183598
2026-06-12,rapid,Alapin Sicilian Defense...3.Nf3 Nf6,19,white,middlegame,True,27.3,Ng4,Qh5+,r3k2r/1bqp3p/p1n1p3/1p2N3/1P1Pp3/P7/5PPP/R2Q1RK1 w kq - 0 19,https://www.chess.com/game/live/170066183598
2026-06-10,rapid,Kings Pawn Opening Kings Knight Variation,43,black,middlegame,False,43.0,f6,Nc5,r4k2/1R2bp2/3p2p1/p2PN3/4n1P1/B7/5PK1/8 b - - 0 43,https://www.chess.com/game/live/169968836872
2026-06-10,rapid,Bishops Opening,46,black,middlegame,True,30.4,Ke5,Kc7,1R3B2/8/2pk2p1/3p1p1p/4p2P/r1b4K/1p3P2/8 b - - 1 46,https://www.chess.com/game/live/169968190094
2026-06-10,rapid,Bishops Opening,48,black,endgame,False,28.9,Be1,Bxb2,1R6/8/2p3p1/3p1p1p/4pk1P/2b4K/1B3P2/8 b - - 0 48,https://www.chess.com/game/live/169968190094
2026-06-10,rapid,Bishops Opening,49,black,endgame,True,39.7,Ke5,Kf3,1R6/8/2p3p1/3p1p1p/4pk1P/7K/5P2/2B1b3 b - - 2 49,https://www.chess.com/game/live/169968190094
2026-06-08,rapid,Kings Pawn Opening,17,white,middlegame,False,23.1,b3,Bb3,r2qr1k1/2p2pb1/p1n1bnpp/1p2p3/3pP3/N1PP1QNP/PPBB1PP1/R4RK1 w - - 0 17,https://www.chess.com/game/live/169872690110
2026-06-08,rapid,Kings Pawn Opening,23,white,middlegame,True,22.5,Nxc7,a4,r3r1k1/2pq1pb1/5npp/1N2p3/2bpP3/5QNP/P1BB1PP1/R4RK1 w - - 0 23,https://www.chess.com/game/live/169872690110
2026-06-08,rapid,Kings Pawn Opening,30,white,middlegame,False,26.8,f3,Rxc8,2r5/3q1pbk/5npp/4p3/2RpP3/3Q2NP/3B1PP1/6K1 w - - 3 30,https://www.chess.com/game/live/169872690110
2026-06-07,rapid,Sicilian Defense,18,white,middlegame,False,29.4,Nh3,h3,2b4r/1p3pkp/p2p1np1/3P4/P2b4/1P1P1Q2/2P1KPPP/5BNR w - - 0 18,https://www.chess.com/game/live/169855323426
2026-06-07,rapid,Sicilian Defense,26,white,middlegame,False,27.5,axb5,b4,2r5/5pkp/p2p2p1/1p1P4/P1Pb4/1P1PnP1N/6PP/1K3B1R w - - 0 26,https://www.chess.com/game/live/169855323426
2026-06-07,rapid,Sicilian Defense,29,white,middlegame,False,23.4,Ka2,Kc1,1r6/5pkp/3p2p1/3P4/2Pb2P1/1P2nP1N/7P/1K3B1R w - - 1 29,https://www.chess.com/game/live/169855323426
2026-06-07,rapid,Kings Pawn Opening Kings Knight Variation,23,black,middlegame,True,33.1,Bxg5,Rxh3+,rn1bk2r/3b1pp1/3pq3/1p2p1B1/pPp5/P4N1P/2P1BPPK/3RQ1R1 b kq - 2 23,https://www.chess.com/game/live/169847313192
2026-06-07,rapid,Kings Pawn Opening Kings Knight Variation,28,black,middlegame,False,28.0,Ke6,f5,rn5r/3bkpp1/3p4/1p2p3/pPp5/P5NP/2PRBPPK/6R1 b - - 0 28,https://www.chess.com/game/live/169847313192
2026-06-07,rapid,Kings Pawn Opening Kings Knight Variation,47,black,middlegame,False,51.2,gxh3,Kxb4,r7/8/7R/2P1pp2/pR4p1/k6P/5PPK/8 b - - 0 47,https://www.chess.com/game/live/169847313192
2026-06-07,rapid,Kings Pawn Opening Kings Knight Variation,61,black,endgame,False,35.9,Kc3,Kc5,8/8/8/4pK2/R2k1p2/p3rP2/6P1/8 b - - 11 61,https://www.chess.com/game/live/169847313192
2026-06-07,rapid,Kings Pawn Opening Kings Knight Variation,62,black,endgame,False,28.4,Kd2,Kd4,8/8/8/4pK2/5p2/R1k1rP2/6P1/8 b - - 0 62,https://www.chess.com/game/live/169847313192
2026-06-07,rapid,Kings Pawn Opening St George Defense,13,white,middlegame,False,33.4,Qc7,Bg5,rn2k2r/1b3ppp/p2Qpq2/1p6/8/PnP2N1P/1P2BPP1/RNB1K2R w KQkq - 1 13,https://www.chess.com/game/live/169847054026
2026-06-07,rapid,Queens Pawn Opening Horwitz Defense,13,black,middlegame,False,25.6,Rf7,Nf5,rn1q1rk1/1ppbn3/p3pb1p/3pN1pQ/3P4/2PB4/PP1N1PPP/R1B2RK1 b - - 3 13,https://www.chess.com/game/live/169846573698
2026-06-07,rapid,Queens Pawn Opening Horwitz Defense,18,black,middlegame,False,27.6,Bxd4,Qxd4,rn1q2k1/1pp3r1/p3pb1Q/1b4p1/2NP4/3B4/PP3PPP/R1B2RK1 b - - 0 18,https://www.chess.com/game/live/169846573698
2026-06-07,rapid,Sicilian Defense,35,white,endgame,False,21.9,g4,e8=B+,8/p2kPR1p/Pp1p4/4r3/8/7P/6PK/8 w - - 3 35,https://www.chess.com/game/live/169825028674
2026-06-07,rapid,Kings Pawn Opening Kings Knight Variation,11,black,opening,True,28.6,Qxg5,hxg5,r1b1k1nr/pp3pp1/2pp3p/4q1B1/4P3/2N2B2/PPP2PPP/R2Q1RK1 b kq - 0 11,https://www.chess.com/game/live/169824920678
2026-06-07,rapid,Kings Pawn Opening Kings Knight Variation,16,black,middlegame,False,30.5,Nxe4,O-O-O,r3k2r/pp3pp1/2ppbnqp/8/4P3/5B2/PPP1NPPP/R2QRK2 b kq - 9 16,https://www.chess.com/game/live/169824920678
2026-06-07,rapid,Kings Pawn Opening Kings Knight Variation,24,black,middlegame,False,58.9,Qg5,Qe7,r4rk1/pp3pp1/2p1b2p/3p4/4N2q/1P2R1P1/P1P2P1P/R2Q2K1 b - - 0 24,https://www.chess.com/game/live/169824920678
2026-06-07,rapid,Kings Pawn Opening,29,white,middlegame,False,36.0,f4,Qe6,r1n4q/1p6/1b1p1pk1/pPpPp1pr/P1P3QP/2KPB3/5P2/3R2NR w - - 3 29,https://www.chess.com/game/live/169824322072
2026-06-07,rapid,Kings Pawn Opening,40,white,middlegame,False,33.6,Rg1+,Rf3,7r/1p2n3/1b1pN1k1/pP1Pp3/P1P5/2K5/8/4RR2 w - - 3 40,https://www.chess.com/game/live/169824322072
2026-06-06,rapid,Kings Pawn Opening,14,white,middlegame,False,31.9,Ne2,Qh5+,r3k1r1/ppp4p/2npq2B/2b1pp2/8/2PP1Q1P/PP3PP1/RN2K1NR w KQq - 0 14,https://www.chess.com/game/live/169812343932
2026-06-06,rapid,Kings Pawn Opening,20,white,middlegame,False,23.0,Ne4,b5,2kr2r1/bpp4p/p1np3q/P3p3/1P3p2/2PP1Q1P/3NNPP1/R4RK1 w - - 3 20,https://www.chess.com/game/live/169812343932
2026-06-06,rapid,Kings Pawn Opening,25,white,middlegame,False,30.8,Nxf4,Qxf4,1k1rr3/bpp4p/p1n4q/P7/1P2ppQ1/1NP4P/4NPP1/R4RK1 w - - 2 25,https://www.chess.com/game/live/169812343932
2026-06-06,rapid,Kings Pawn Opening,26,white,middlegame,False,24.0,f3,fxe3,1k1rr3/bpp4p/p1n4q/P7/1P3NQ1/1NP1p2P/5PP1/R4RK1 w - - 0 26,https://www.chess.com/game/live/169812343932
2026-06-06,rapid,French Defense Normal Variation,9,black,opening,False,26.1,c6,Bd7,rnb1kbnr/1pp2pp1/p2p1q1p/3Pp3/Q1P1P3/2N1BN2/PP3PPP/R3KB1R b KQkq - 2 9,https://www.chess.com/game/live/169811198374
2026-06-06,rapid,Kings Pawn Opening,14,black,middlegame,False,29.1,Ba6,Nxe4,rnb2rk1/p1b2pp1/2pp1nqp/4p3/2B1P3/B4Q1N/P1PPNPPP/R4RK1 b - - 3 14,https://www.chess.com/game/live/169808816982
2026-06-06,rapid,Kings Pawn Opening,20,black,middlegame,True,42.6,Nb8,d5,r3r1k1/p1b2pp1/n1Np2qp/2p5/4n3/5Q1N/PBP2PPP/3R1RK1 b - - 3 20,https://www.chess.com/game/live/169808816982
2026-06-06,rapid,Kings Pawn Opening,35,black,middlegame,False,79.2,Bb6,Rge8,1r4r1/p1bq1p1k/6p1/3p2Qp/2p5/8/3B1PPP/2R2RK1 b - - 1 35,https://www.chess.com/game/live/169808816982
2026-06-06,rapid,Kings Pawn Opening,19,white,middlegame,True,34.2,Bxh5,g4,r3brk1/p4pb1/1pp2npp/3pN2n/3P4/1NP1B2P/PP2BPP1/R4RK1 w - - 2 19,https://www.chess.com/game/live/169778984514
2026-06-06,rapid,Kings Pawn Opening,38,white,middlegame,False,35.1,Kf1,Ng5+,6r1/p4N1k/1p2b3/2pR4/4nR1B/2P5/PP6/6K1 w - - 1 38,https://www.chess.com/game/live/169778984514
2026-06-06,rapid,Kings Pawn Opening,39,white,middlegame,False,46.6,Rf5,Ke2,6r1/p4N1k/1p6/2pb4/4nR1B/2P5/PP6/5K2 w - - 0 39,https://www.chess.com/game/live/169778984514
2026-06-06,rapid,Kings Pawn Opening,45,white,middlegame,True,35.1,Bd6,Rg7+,8/p3BR2/1p6/2p5/2P1n1k1/1P5r/P5K1/8 w - - 3 45,https://www.chess.com/game/live/169778984514
2026-06-06,rapid,Kings Pawn Opening,47,white,endgame,True,54.6,Rxa7,Rh7+,8/p5R1/1p1n4/2p5/2P4k/1P5r/P5K1/8 w - - 2 47,https://www.chess.com/game/live/169778984514
2026-06-06,rapid,Kings Pawn Opening,52,white,endgame,True,22.8,Kd1,Rxd6,8/8/1R1n4/2p5/2P5/1P2k3/P1r5/4K3 w - - 5 52,https://www.chess.com/game/live/169778984514
2026-06-06,rapid,Kings Pawn Opening,54,white,endgame,True,26.5,Re6,b4,8/8/1R6/2p5/2P1n3/1P2k3/P2r4/2K5 w - - 9 54,https://www.chess.com/game/live/169778984514
2026-06-06,rapid,Kings Pawn Opening,55,white,endgame,True,43.4,Re5,Rxe4,8/8/4R3/2p5/2P1n3/1P1k4/P2r4/2K5 w - - 11 55,https://www.chess.com/game/live/169778984514
2026-06-06,rapid,Kings Pawn Opening,31,white,middlegame,True,23.4,O-O,c5,1n1r2k1/2p2q1p/3n1rp1/4p3/2Pp3Q/P2P2NP/2B2PP1/1R2K2R w K - 3 31,https://www.chess.com/game/live/169777546314
2026-06-06,rapid,Kings Pawn Opening,33,white,middlegame,True,30.7,f3,Qxd8+,1n1r2k1/2p2q1p/6p1/4pr2/2Pp3Q/P2P3P/2B2PP1/1R3RK1 w - - 0 33,https://www.chess.com/game/live/169777546314
2026-06-06,rapid,French Defense Steinitz Attack,8,white,opening,True,41.5,Nf3,Qxd6,rn1qk2r/pp1b1ppp/3bpn2/8/3Q4/2P4P/PP3PP1/RNB1KBNR w KQkq - 1 8,https://www.chess.com/game/live/169777447020
2026-06-06,rapid,French Defense Steinitz Attack,14,white,middlegame,True,23.7,O-O,Qxd5,r3r1k1/ppqb1ppp/2nb4/3np3/PP6/2P2N1P/3QBPP1/RNB1K2R w KQ - 0 14,https://www.chess.com/game/live/169777447020
2026-06-05,rapid,Kings Pawn Opening Kings Knight Variation,31,black,middlegame,False,27.8,Qxf3,Nb6,r4rk1/5p2/p2p1qp1/1ppPp2n/2n1P2P/P4P2/NPP5/1K1RQBR1 b - - 0 31,https://www.chess.com/game/live/169772526778
2026-06-05,rapid,Kings Pawn Opening Kings Knight Variation,39,black,middlegame,False,47.5,Ne3,Rxf1,r4r2/6k1/pq1pB1p1/1ppPp3/2n4Q/P7/NPP5/1K1R1R2 b - - 3 39,https://www.chess.com/game/live/169772526778
2026-06-05,rapid,Kings Pawn Opening Kings Knight Variation,11,black,opening,False,29.2,Bh4,Nf6,r1b1k1nr/pp2bpp1/2p3qp/4p3/2B1P3/2N1B2P/PPP2PP1/R2Q1R1K b kq - 3 11,https://www.chess.com/game/live/169728512280
2026-06-05,rapid,Kings Pawn Opening Kings Knight Variation,18,black,middlegame,False,24.4,c5,Qh5,r4rk1/p4pp1/1pp2nqp/4p3/2B1P3/2N1Q1Pb/PPP2P2/3R2RK b - - 2 18,https://www.chess.com/game/live/169728512280
2026-06-05,rapid,Kings Pawn Opening Kings Knight Variation,19,black,middlegame,False,68.2,Nxe4,Qh5,r4rk1/p4pp1/1p3nqp/2pNp3/2B1P3/4Q1Pb/PPP2P2/3R2RK b - - 1 19,https://www.chess.com/game/live/169728512280
2026-06-05,rapid,Queens Pawn Opening Horwitz Defense,26,black,middlegame,False,26.0,Kf7,Rxg2,4r1k1/ppp3p1/7p/7P/3P2p1/2PK2P1/PP2prP1/4R2R b - - 4 26,https://www.chess.com/game/live/169728047600
2026-06-05,rapid,Queens Pawn Opening Horwitz Defense,27,black,middlegame,False,26.7,c6,Rxg2,4r3/ppp2kp1/7p/7P/1P1P2p1/2PK2P1/P3prP1/4R2R b - - 0 27,https://www.chess.com/game/live/169728047600
2026-06-05,rapid,Queens Pawn Opening Horwitz Defense,28,black,middlegame,False,27.9,b6,Rxg2,4r3/pp3kp1/2p4p/7P/1PPP2p1/3K2P1/P3prP1/4R2R b - - 0 28,https://www.chess.com/game/live/169728047600
2026-06-04,rapid,Modern Defense with,38,white,middlegame,False,33.4,Bd2,Bxg5,8/1b6/k2r1b1R/1pp3p1/1P1P4/P1P2N1P/6P1/2B3K1 w - - 1 38,https://www.chess.com/game/live/169680123648
2026-06-04,rapid,Modern Defense with,39,white,middlegame,False,30.5,cxd4,Bxg5,8/1b6/k2r1b1R/1p4p1/1P1p4/P1P2N1P/3B2P1/6K1 w - - 0 39,https://www.chess.com/game/live/169680123648
2026-06-04,rapid,Modern Defense with,40,white,middlegame,False,32.8,gxf3,Rxf6,8/8/k2r1b1R/1p4p1/1P1P4/P4b1P/3B2P1/6K1 w - - 0 40,https://www.chess.com/game/live/169680123648
2026-06-04,rapid,Kings Pawn Opening,42,white,endgame,False,23.3,Kd3,Kf3,8/2p5/1p6/p2kN1p1/3Pnp2/P1P1K3/1P3P2/8 w - - 0 42,https://www.chess.com/game/live/169679316732
2026-06-04,rapid,Vienna Game,34,black,middlegame,True,21.8,h5,g4+,5r2/1p6/2pp2kp/1p1Pp1p1/1P2P3/P1P1R1PK/5r1P/4R3 b - - 4 34,https://www.chess.com/game/live/169678958430
2026-06-04,rapid,Vienna Game,35,black,middlegame,False,21.3,R2f6,cxd5,5r2/1p6/2pp2k1/1p1Pp1pp/1P2P3/P1P1R1PK/4Rr1P/8 b - - 1 35,https://www.chess.com/game/live/169678958430
2026-06-04,rapid,Kings Pawn Opening Kings Knight Variation,32,black,middlegame,False,29.1,Qxd5,Qb5,5rk1/4Q1p1/1p1p1p1p/2qP4/8/4bNP1/7P/5R1K b - - 2 32,https://www.chess.com/game/live/169677828438
2026-06-04,rapid,Kings Pawn Opening,22,white,middlegame,True,72.6,Rxf2,Qxe6+,r2q2k1/ppp4p/2npb1p1/4p3/6Qb/2PPB2P/PP1N1rP1/R2B1RK1 w - - 0 22,https://www.chess.com/game/live/169676207708
2026-06-03,rapid,Kings Gambit Accepted Becker Defense,21,black,middlegame,False,25.5,Nxc2,N4c6,1n1bk2r/5p2/7p/r1q1P1p1/1n3p2/P4N2/2P1B1PP/RQ3R1K b k - 0 21,https://www.chess.com/game/live/169631411548
